id,title,artist,mood_label,language,lyrics
genius-2332455,Hello,Adele,sad,en,"Hello, it's me
I was wondering if after all these years, you'd like to meet
To go over everything
They say that time's supposed to heal ya
But I ain't done much healin'
Hello, can you hear me?
I'm in California dreaming about who we used to be
When we were younger and free
I've forgotten how it felt before the world fell at our feet

There's such a difference between us
And a million miles

Hello from the other side
I must've called a thousand times
To tell you I'm sorry for everything that I've done
But when I call, you never seem to be home
Hello from the outside
At least I can say that I've tried
To tell you I'm sorry for breaking your heart
But it don't matter, it clearly doesn't tear you apart anymore

Hello, how are you?
It's so typical of me to talk about myself, I'm sorry
I hope that you're well
Did you ever make it out of that town
Where nothing ever happened?

It's no secret that the both of us
Are running out of time

So hello from the other side (Other side)
I must've called a thousand times (Thousand times)
To tell you I'm sorry for everything that I've done
But when I call, you never seem to be home
Hello from the outside (Outside)
At least I can say that I've tried (I've tried)
To tell you I'm sorry for breaking your heart
But it don't matter, it clearly doesn't tear you apart anymore

(Highs, highs, highs, highs, lows, lows, lows, lows) Ooh, anymore
(Highs, highs, highs, highs, lows, lows, lows, lows) Ooh, anymore
(Highs, highs, highs, highs, lows, lows, lows, lows) Ooh, anymore
(Highs, highs, highs, highs, lows, lows, lows, lows) Anymore

Hello from the other side (Other side)
I must've called a thousand times (Thousand times)
To tell you I'm sorry for everything that I've done
But when I call, you never seem to be home
Hello from the outside (Outside)
At least I can say that I've tried (I've tried)
To tell you I'm sorry for breaking your heart
But it don't matter, it clearly doesn't tear you apart anymore"
genius-61289,Rolling in the Deep,Adele,sad,en,"There's a fire starting in my heart
Reaching a fever pitch and it's bringing me out the dark
Finally, I can see you crystal clear
Go ahead and sell me out and I'll lay your shit bare
See how I'll leave with every piece of you
Don't underestimate the things that I will do
There's a fire starting in my heart
Reaching a fever pitch and it's bringing me out the dark

The scars of your love remind me of us
They keep me thinkin' that we almost had it all
The scars of your love, they leave me breathless
I can't help feeling

We could've had it all (You're gonna wish you never had met me)
Rolling in the deep (Tears are gonna fall, rolling in the deep)
You had my heart inside of your hand (You're gonna wish you never had met me)
And you played it to the beat (Tears are gonna fall, rolling in the deep)

Baby, I have no story to be told
But I've heard one on you, now I'm gonna make your head burn
Think of me in the depths of your despair
Make a home down there, as mine sure won't be shared

(You're gonna wish you never had met me) The scars of your love remind me of us
(Tears are gonna fall, rolling in the deep) They keep me thinkin' that we almost had it all
(You're gonna wish you never had met me) The scars of your love, they leave me breathless
(Tears are gonna fall, rolling in the deep) I can't help feeling

We could've had it all (You're gonna wish you never had met me)
Rolling in the deep (Tears are gonna fall, rolling in the deep)
You had my heart inside of your hand (You're gonna wish you never had met me)
And you played it to the beat (Tears are gonna fall, rolling in the deep)
Could've had it all
Rolling in the deep
You had my heart inside of your hand
But you played it with a beating

Throw your soul through every open door (Ooh woah, oh)
Count your blessings to find what you look for (Woah)
Turn my sorrow into treasured gold (Ooh woah, oh)
You'll pay me back in kind and reap just what you've sown

(You're gonna wish you never had met me)
We could've had it all (Tears are gonna fall, rolling in the deep)
We could've had it all, yeah (You're gonna wish you never had met me)
It all, it all, it all (Tears are gonna fall, rolling in the deep)

We could've had it all (You're gonna wish you never had met me)
Rolling in the deep (Tears are gonna fall, rolling in the deep)
You had my heart inside of your hand (You're gonna wish you never had met me)
And you played it to the beat (Tears are gonna fall, rolling in the deep)
Could've had it all (You're gonna wish you never had met me)
Rolling in the deep (Tears are gonna fall, rolling in the deep)
You had my heart inside of your hand (You're gonna wish you never had met me)
But you played it, you played it, you played it
You played it to the beat"
genius-7260084,Easy On Me,Adele,sad,en,"There ain't no gold in this river
That I've been washin' my hands in forever
I know there is hope in these waters
But I can't bring myself to swim
When I am drowning in this silence
Baby, let me in

Go easy on me, baby
I was still a child
Didn't get the chance to
Feel the world around me
I had no time to choose what I chose to do
So go easy on me

There ain't no room for things to change
When we are both so deeply stuck in our ways
You can't deny how hard I've tried
I changed who I was to put you both first
But now I give up

Go easy on mе, baby
I was still a child
Didn't get the chance to
Feel thе world around me
Had no time to choose what I chose to do
So go easy on me

I had good intentions
And the highest hopes
But I know right now
It probably doesn't even show

Go easy on me, baby
I was still a child
I didn't get the chance to
Feel the world around me
I had no time to choose what I chose to do
So go easy on me"
genius-62493,Set Fire to the Rain,Adele,sad,en,"I let it fall, my heart
And as it fell, you rose to claim it
It was dark, and I was over
Until you kissed my lips and you saved me
My hands, they were strong
But my knees were far too weak
To stand in your arms
Without falling to your feet

But there's a side to you
That I never knew, never knew
All the things you'd say
They were never true, never true
And the games you'd play
You would always win, always win

But I set fire to the rain
Watched it pour as I touched your face
Well, it burned while I cried
'Cause I heard it screamin' out your name
Your name

When I lay with you
I could stay there, close my eyes
Feel you here forever
You and me together, nothing is better

'Cause there's a side to you
That I never knew, never knew
All the things you'd say
They were never true, never true
And the games you'd play
You would always win, always win

But I set fire to the rain
Watched it pour as I touched your face
Well, it burned while I cried
'Cause I heard it screamin' out your name
Your name
I set fire to the rain
And I threw us into the flames
When we fell, somethin' died
'Cause I knew that that was the last time
The last time

Sometimes, I wake up by the door
That heart you caught must be waitin' for you
Even now, when we're already over
I can't help myself from lookin' for you

I set fire to the rain
Watched it pour as I touched your face
Well, it burned while I cried
'Cause I heard it screamin' out your name
Your name
I set fire to the rain
And I threw us into the flames
When we fell, somethin' died
'Cause I knew that that was the last time
The last time

Oh
Oh, no
Let it burn
Oh
Let it burn
Let it burn"
genius-51294,Someone Like You,Adele,sad,en,"I heard that you're settled down
That you found a girl and you're married now
I heard that your dreams came true
Guess she gave you things I didn't give to you
Old friend, why are you so shy?
Ain't like you to hold back or hide from the light

I hate to turn up out of the blue, uninvited
But I couldn't stay away, I couldn't fight it
I had hoped you'd see my face
And that you'd be reminded that for me, it isn't over

Never mind, I'll find someone like you
I wish nothing but the best for you, too
Don't forget me, I beg
I remember you said
Sometimes it lasts in love, but sometimes it hurts instead
Sometimes it lasts in love, but sometimes it hurts instead

You know how the time flies
Only yesterday was the time of our lives
We were born and raised in a summer haze
Bound by the surprise of our glory days

I hate to turn up out of the blue, uninvited
But I couldn't stay away, I couldn't fight it
I had hoped you'd see my face
And that you'd be reminded that for me, it isn't over

Never mind, I'll find someone like you
I wish nothing but the best for you, too
Don't forget me, I beg
I remember you said
Sometimes it lasts in love, but sometimes it hurts instead

Nothing compares, no worries or cares
Regrets and mistakes, they're memories made
Who would have known how bittersweet this would taste?

Never mind, I'll find someone like you
I wish nothing but the best for you
Don't forget me, I beg
I remember you said
Sometimes it lasts in love, but sometimes it hurts instead
Never mind, I'll find someone like you
I wish nothing but the best for you, too
Don't forget me, I beg
I remember you said
Sometimes it lasts in love, but sometimes it hurts instead
Sometimes it lasts in love, but sometimes it hurts instead"
genius-2336628,When We Were Young,Adele,sad,en,"Everybody loves the things you do
From the way you talk to the way you move
Everybody here is watching you
'Cause you feel like home, you're like a dream come true
But, if by chance, you're here alone
Can I have a moment before I go?
'Cause I've been by myself all night long
Hoping you're someone I used to know

You look like a movie, you sound like a song
My God, this reminds me of when we were young

Let me photograph you in this light in case it is the last time
That we might be exactly like we were before we realised
We were sad of getting old, it made us restless
It was just like a movie, it was just like a song

I was so scared to face my fears
Nobody told me that you'd be here
And I swear you'd moved overseas
That's what you said when you left me

You still look like a movie, you still sound like a song
My God, this reminds me of when we were young

Let me photograph you in this light in case it is the last time
That we might be exactly like we were before we realised
We were sad of getting old, it made us restless
It was just like a movie, it was just like a song

(When we were young)
(When we were young)
(When we were young)
(When we were young)

It's hard to admit that (When we were young)
Everything just takes me back (When we were young)
To when you were there (When we were young)
To when you were there
And a part of me keeps holding on (When we were young)
Just in case it hasn't gone (When we were young)
I guess I still care (When we were young)
Do you still care?

It was just like a movie, it was just like a song
My God, this reminds me of when we were young
(When we were young)
(When we were young)
(When we were young)
(When we were young)

Let me photograph you in this light in case it is the last time
(When we were young, when we were young)
That we might be exactly like we were before we realised
(When we were young, when we were young)
We were sad of getting old, it made us restless
(When we were young, when we were young)
Oh, I'm so mad I'm getting old, it makes me reckless
(When we were young, when we were young)
It was just like a movie, it was just like a song
When we were young"
genius-2336647,All I Ask,Adele,sad,en,"I will leave my heart at the door
I won't say a word
They've all been said before, you know
So why don't we just play pretend
Like we're not scared of what is coming next
Or scared of having nothing left?

Look, don't get me wrong
I know there is no tomorrow

All I ask is if this is my last night with you
Hold me like I'm more than just a friend
Give me a memory I can use
Take me by the hand while we do
What lovers do
It matters how this ends
'Cause what if I never love again?

I don't need your honesty
It's already in your eyes
And I'm sure my eyes, they speak for me
No one knows me like you do
And since you're the only one that mattered
Tell me, who do I run to?

Look, don't get me wrong
I know there is no tomorrow

All I ask is if this is my last night with you
Hold me like I'm more than just a friend
Give me a memory I can use
Take me by the hand while we do
What lovers do
It matters how this ends
'Cause what if I never love again?

Let this be our lesson in love
Let this be the way we remember us
I don't wanna be cruel or vicious
And I ain't askin' for forgiveness

All I ask is if this is my last night with you
Hold me like I'm more than just a friend
Give me a memory I can use
Take me by the hand while we do
What lovers do
It matters how this ends
'Cause what if I never love again?"
genius-90986,Skyfall,Adele,sad,en,"This is the end
Hold your breath and count to ten
Feel the Earth move, and then
Hear my heart burst again
For this is the end
I've drowned and dreamt this moment
So overdue, I owe them
Swept away, I'm stolen

Let the sky fall
When it crumbles
We will stand tall
Face it all together
Let the sky fall
When it crumbles
We will stand tall
Face it all together at Skyfall
At Skyfall

Skyfall is where we start
A thousand miles and poles apart
Where worlds collide and days are dark
You may have my number, you can take my name
But you'll never have my heart

Let the sky fall (
Let the sky fall
)
When it crumbles (
When it crumbles
)
We will stand tall (
We will stand tall
)
Face it all together
Let the sky fall (Let the sky fall)
When it crumbles (When it crumbles)
We will stand tall (We will stand tall)
Face it all together at Skyfall

Let the sky fall
When it crumbles
We will stand tall
Let the sky fall
When it crumbles
We will stand tall

Where you go, I go
What you see, I see
I know I'd never be me without the security
Of your loving arms keeping me from harm
Put your hand in my hand and we'll stand

Let the sky fall (
Let the sky fall
)
When it crumbles (
When it crumbles
)
We will stand tall (
We will stand tall
)
Face it all together
Let the sky fall (Let the sky fall)
When it crumbles (When it crumbles)
We will stand tall (We will stand tall)
Face it all together at Skyfall

Let the sky fall
We will stand tall
At Skyfall
Ooh"
genius-109096,Creep,Radiohead,sad,en,"When you were here before
Couldn't look you in the eye
You're just like an angel
Your skin makes me cry
You float like a feather
In a beautiful world
I wish I was special
You're so fuckin' special

But I'm a creep
I'm a weirdo
What the hell am I doin' here?
I don't belong here

I don't care if it hurts
I wanna have control
I want a perfect body
I want a perfect soul
I want you to notice
When I'm not around
You're so fuckin' special
I wish I was special

But I'm a creep
I'm a weirdo
What the hell am I doin' here?
I don't belong here
Oh-oh, oh-oh

She's runnin' out the door
She's runnin' out
She run, run, run, run
Run

Whatever makes you happy
Whatever you want
You're so fuckin' special
I wish I was special

But I'm a creep
I'm a weirdo
What the hell am I doin' here?
I don't belong here
I don't belong here"
genius-64344,Karma Police,Radiohead,sad,en,"Karma police, arrest this man
He talks in maths, he buzzes like a fridge
He's like a detuned radio

Karma police, arrest this girl
Her Hitler hairdo is making me feel ill
And we have crashed her party

This is what you get
This is what you get
This is what you get
When you mess with us

Karma police, I've given all I can
It's not enough, I've given all I can
But we're still on the payroll

This is what you get
This is what you get
This is what you get
When you mess with us

For a minute there
I lost myself, I lost myself
Phew, for a minute there
I lost myself, I lost myself
Oh, for a minute there
I lost myself, I lost myself
Phew, for a minute there
I lost myself, I lost myself"
genius-71498,No Surprises,Radiohead,sad,en,"A heart that's full up like a landfill
A job that slowly kills you
Bruises that won't heal

You look so tired, unhappy
Bring down the government
They don't, they don't speak for us

I'll take a quiet life
A handshake of carbon monoxide
And no alarms and no surprises
No alarms and no surprises
No alarms and no surprises
Silent
Silent

This is my final fit
My final bellyache with
No alarms and no surprises
No alarms and no surprises
No alarms and no surprises, please

Such a pretty house
And such a pretty garden
No alarms and no surprises (
Let me out of here
)
No alarms and no surprises (
Let me out of here
)
No alarms and no surprises, please (
Let me out of here
)"
genius-107387,Exit Music (For a Film),Radiohead,sad,en,"Wake from your sleep
The drying of your tears
Today we escape, we escape

Pack and get dressed
Before your father hears us
Before all hell breaks loose

Breathe, keep breathing
Don't lose your nerve
Breathe, keep breathing
I can't do this alone

Sing us a song
A song to keep us warm
There's such a chill, such a chill

You can laugh
A spineless laugh
We hope your rules and wisdom choke you

Now we are one
In everlasting peace
We hope that you choke, that you choke

We hope that you choke, that you choke
We hope that you choke, that you choke"
genius-78354,Let Down,Radiohead,sad,en,"Transport, motorways and tramlines
Starting and then stopping
Taking off and landing
The emptiest of feelings
Disappointed people
Clinging onto bottles
And when it comes
It's so, so disappointing

Let down and hanging around
Crushed like a bug in the ground
Let down and hanging around

Shell smashed, juices flowing
Wings twitch, legs are going
Don't get sentimental
It always ends up drivel
One day, I am gonna grow wings
A chemical reaction
Hysterical and useless
Hysterical and

Let down and hanging around
Crushed like a bug in the ground
Let down and hanging around

Let down again
Let down again
Let down again

You know, you know where you are with
You know where you are with
Floor collapsing
Floating, bouncing back
And one day, I am gonna grow wings (And one day)
A chemical reaction (You'll know where you are)
Hysterical and useless (You'll know where you are)
Hysterical and (You'll know where you are)

Let down and hanging around
Crushed like a bug in the ground
Let down and hanging around"
genius-1188,Fake Plastic Trees,Radiohead,sad,en,"Her green plastic watering can
For her fake Chinese rubber plant
In a fake plastic Earth
That she bought from a rubber man
In a town full of rubber plans
To get rid of itself

It wears her out
It wears her out
It wears her out
It wears her out

She lives with a broken man
A cracked polystyrene man
Who just crumbles and burns
He used to do surgery
For girls in the eighties
But gravity always wins

And it wears him out
It wears him out
It wears him out
It wears

She looks like the real thing
She tastes like the real thing
My fake plastic love
But I can't help the feeling
I could blow through the ceiling
If I just turn and run

And it wears me out
It wears me out
It wears me out
It wears me out

And if I could be who you wanted
If I could be who you wanted
All the time
All the time"
genius-78831,Paranoid Android,Radiohead,sad,en,"Please could you stop the noise? I'm trying to get some rest
From all the unborn chicken voices in my head

What's that? (
I may be paranoid but not an android
)
What's that? (
I may be paranoid but not an android
)

When I am king you will be first against the wall
With your opinion, which is of no consequence at all

What's that? (
I may be paranoid but not an android
)
What's that? (
I may be paranoid but not an android
)

Ambition makes you look pretty ugly
Kicking, squealing, Gucci little piggy

You don't remember, you don't remember
Why don't you remember my name?
Off with his head, man, off with his head, man
Why don't you remember my name? I guess he does

Rain down, rain down
Come on, rain down on me
From a great height
From a great height, height
Rain down, rain down
Come on, rain down on me
From a great height
From a great height, height
(Rain down) That's it, sir, you're leaving
(Rain down) The crackle of pigskin
(Come on, rain down) The dust and the screaming
(On me) The yuppies networking and
(From a great height) The panic, the vomit
(From a great height) The panic, the vomit
God loves his children
God loves his children, yeah

,"
genius-65925,All I Need,Radiohead,sad,en,"I'm the next act waiting in the wings
I'm an animal trapped in your hot car
I am all the days that you choose to ignore

You are all I need
You're all I need
I'm in the middle of your picture
Lying in the reeds

I am a moth who just wants to share your light
I'm just an insect trying to get out of the night
I only stick with you because there are no others

You are all I need
You're all I need
I'm in the middle of your picture
Lying in the reeds

It's all wrong, it's all wrong, it's all wrong
It's alright, it's alright, it's alright
It's all wrong, it's alright
It's alright, it's alright"
genius-137656,Young and Beautiful,Lana Del Rey,sad,en,"I've seen the world, done it all
Had my cake now
Diamonds, brilliant, and Bel Air now

Hot summer nights, mid-July
When you and I were forever wild
The crazy days, city lights
The way you'd play with me like a child

Will you still love me when I'm no longer young and beautiful?
Will you still love me when I got nothing but my aching soul?
I know you will, I know you will, I know that you will
Will you still love me when I'm no longer beautiful?

I've seen the world, lit it up as my stage now
Channeling angels in the new age now

Hot summer days, rock and roll
The way you'd play for me at your show
And all the ways I got to know
Your pretty face and electric soul

Will you still love me when I'm no longer young and beautiful?
Will you still love me when I got nothing but my aching soul?
I know you will, I know you will, I know that you will
Will you still love me when I'm no longer beautiful?

Dear Lord, when I get to Heaven
Please, let me bring my man
When he comes, tell me that You'll let him in
Father, tell me if You can
All that grace, all that body
All that face makes me wanna party
He's my sun, he makes me shine like diamonds

And will you still love me when I'm no longer young and beautiful?
Will you still love me when I got nothin' but my aching soul?
I know you will, I know you will, I know that you will
Will you still love me when I'm no longer beautiful?

Will you still love me when I'm no longer beautiful?
Will you still love me when I'm not young and beautiful?"
genius-64764,Summertime Sadness,Lana Del Rey,sad,en,"Kiss me hard before you go
Summertime sadness
I just wanted you to know
That, baby, you the best

I got my red dress on tonight
Dancin' in the dark, in the pale moonlight
Done my hair up real big, beauty queen style
High heels off, I'm feelin' alive

Oh my God, I feel it in the air
Telephone wires above are sizzlin' like a snare
Honey, I'm on fire, I feel it everywhere
Nothin' scares me anymore (One, two, three, four)

Kiss me hard before you go
Summertime sadness
I just wanted you to know
That, baby, you the best

I got that summertime, summertime sadness
Su-su-summertime, summertime sadness
Got that summertime, summertime sadness
Oh, oh, oh

I'm feelin' electric tonight
Cruisin' down the coast, goin' 'bout 99
Got my bad baby by my heavenly side
I know, if I go, I'll die happy tonight

Oh my God, I feel it in the air
Telephone wires above are sizzlin' like a snare
Honey, I'm on fire, I feel it everywhere
Nothin' scares me anymore (One, two, three, four)

Kiss me hard before you go
Summertime sadness
I just wanted you to know
That, baby, you the best

I got that summertime, summertime sadness
Su-su-summertime, summertime sadness
Got that summertime, summertime sadness
Oh, oh, oh

Think I'll miss you forever
Like the stars miss the sun in the morning sky
Later's better than never
Even if you're gone, I'm gonna drive (Drive)
Drive

I got that summertime, summertime sadness
Su-su-summertime, summertime sadness
Got that summertime, summertime sadness
Oh, oh, oh

Kiss me hard before you go
Summertime sadness
I just wanted you to know
That, baby, you the best

I got that summertime, summertime sadness
Su-su-summertime, summertime sadness
Got that summertime, summertime sadness
Oh, oh, oh"
genius-402524,West Coast,Lana Del Rey,sad,en,"Down on the West coast, they got a sayin'
""If you're not drinkin', then you're not playin'""
But you've got the music
You've got the music in you, don't you?
Down on the West coast, I get this feeling like
It all could happen, that's why I'm leaving
You for the moment, you for the moment
Boy Blue, yeah, you

You're falling hard, I push away, I'm feelin' hot to the touch
You say you miss me and I wanna say, ""I miss you so much""
But something keeps me really quiet, I'm alive, I'm a lush
Your love, your love, my love

I can see my baby swinging
His Parliament's on fire and his hands are up
On the balcony and I'm singing
Ooh, baby, ooh, baby, I'm in love
I can see my sweet boy swayin'
He's crazy y cubano como yo, l-love
On the balcony and I'm saying
Move, baby, move, baby, I'm in love

I'm in love (I'm in love)
I'm in love (I'm in love)

(Mic-check)
(One, two)
(Two, two)
(Get it, girl)

Down on the West coast, they got their icons
Their silver starlets, their Queens of Saigons
And you've got the music
You've got the music in you, don't you?
Down on the West coast, they love their movies
Their golden gods and rock 'n' roll groupies
And you've got the music
You've got the music in you, don't you?

You push it hard, I pull away, I'm feeling hotter than fire
I guess that no one ever really made me feel that much higher
Te deseo, cariño, boy, it's you I desire
Your love, your love, my love

I can see my baby swinging
His Parliament's on fire and his hands are up
On the balcony and I'm singing
Ooh, baby, ooh, baby, I'm in love
I can see my sweet boy swayin'
He's crazy y cubano como yo, l-love
On the balcony and I'm saying
Move, baby, move, baby, I'm in love
I can see my baby swinging
His Parliament's on fire and his hands are up
On the balcony and I'm singing
Ooh, baby, ooh, baby, I'm in love
I can see my sweet boy swayin'
He's crazy y cubano como yo, l-love
On the balcony and I'm saying
Move, baby, move, baby, I'm in love

I'm in love
I'm in love"
genius-8621374,A&W,Lana Del Rey,sad,en,"I haven't done a cartwheel since I was nine
I haven't seen my mother in a long, long time
I mean, look at me
Look at the length of my hair and my face, the shape of my body
Do you really think I give a damn
What I do after years of just hearing them talking?

I say I live in Rosemead, really, I'm at the Ramada
It doesn't really matter, doesn't really, really matter

Call him up, ""Come into my bedroom""
Ended up, we fuck on the hotel floor
It's not about havin' someone to love me anymorе
This is the experiеnce of bein' an American whore

Called up one drunk, called up another
Forensic Files
 wasn't on
Watching 
Teenage Diary of a Girl
Wondering what went wrong
I'm a princess, I'm divisive
Ask me why, why, why I'm like this
Maybe I'm just kinda like this
I don't know, maybe I'm just like this

I say I live in Rosemead, really, I'm at the Ramada
It doesn't really matter, doesn't really, really matter

Call him up, he comes over again
Yeah, I know I'm over my head, but, oh
It's not about havin' someone to love me anymore
No, this is the experience of bein' an American whore

I mean, look at my hair
Look at the length of it and the shape of my body
If I told you that I was raped
Do you really think that anybody would think
I didn't ask for it? I didn't ask for it
I won't testify, I already fucked up my story
On top of this (Mm), so many other things you can't believe
Did you know a singer can still be
Looking like a sidepiece at thirty-three?
God's a charlatan, don't look back, babe
Puts the shower on while he calls me
Slips out the back door to talk to me
I'm invisible, look how you hold me
I'm invisible, I'm invisible
I'm a ghost now, look how you hold me now

It's not about havin' someone to love me anymore (Oh, okay)
No, this is the experience of bein' an American whore
It's not about havin' someone to love me anymore
No, this is the experience of bein' an American whore

This is the experience of bein' an American whore
This is the experience of bein' an American whore
This is the experience of bein' an American whore
Woo

Jimmy, Jimmy, cocoa puff, Jimmy, Jimmy, ride
Jimmy, Jimmy, cocoa puff, Jimmy, get me high (Oh my god)
Love me if you love or not, you can be my light
Jimmy only love me when he wanna get high
Jimmy only love me when he wanna get high
Jimmy only love me when he wanna get high
Jimmy only love me when he wanna get high
Your mom called, I told her, you're fuckin' up big time

Your mom called, I told her, you're fuckin' up big time

Jimmy, Jimmy, cocoa puff, Jimmy, Jimmy, ride
Jimmy, Jimmy, cocoa puff, Jimmy, get me high
Love me if you live and love, you can be my light (Mm)
Jimmy only love me when he wanna get high
Jimmy only love me when he wanna get high
Jimmy only love me when he wanna get high
Jimmy only love me when he wanna get high
Your mom called, I told her, you're fuckin' up big time

Jimmy, you should switch it up, baby, light it up (Yeah)
Jimmy, if you leave the house, find me in the club (Like)
Jimmy, if you switch it up, you should light it up
Jimmy, if you leave the house, find me in the club (Like, surf's up)
Your mom called, I told her, you're fuckin' up big time
But I don't care, baby, I already lost my mind
Jimmy, if I lie it up, find me in the club (Mind, mind)
Your mom called, I told her, you're fucking up big time

Jimmy, Jimmy, cocoa puff, Jimmy, Jimmy, ride
Jimmy, Jimmy, cocoa puff, Jimmy, get me high
Love me if you love or not, you can be my light
Jimmy only love me when he wanna get high
Jimmy only love me when he wanna get high
Jimmy only love me when he wanna get high
Jimmy only love me when he wanna get high
Your mom called, I told her, you're fuckin' up big time"
genius-64755,Video Games,Lana Del Rey,sad,en,"Swingin' in the backyard, pull up in your fast car
Whistlin' my name
Open up a beer and you say, ""Get over here
And play a video game""
I'm in his favorite sundress, watching me get undressed
Take that body downtown
I say, ""You the bestest,"" lean in for a big kiss
Put his favorite perfume on
""Go play a video game""

It's you, it's you, it's all for you, everything I do
I tell you all the time, Heaven is a place on Earth with you
Tell me all the things you wanna do
I heard that you like the bad girls, honey, is that true?
It's better than I ever even knew
They say that the world was built for two
Only worth living if somebody is loving you
And, baby, now you do

Mmm

Singin' in the old bars, swinging with the old stars
Livin' for the fame
Kissin' in the blue dark, playing pool and wild darts
Video games
He holds me in his big arms, drunk, and I am seeing stars
This is all I think of
Watchin' all our friends fall in and out of Old Paul's, this is my idea of fun
Playin' video games

It's you, it's you, it's all for you, everything I do
I tell you all the time, Heaven is a place on Earth with you
Tell me all the things you wanna do
I heard that you like the bad girls, honey, is that true?
It's better than I ever even knew
They say that the world was built for two
Only worth living if somebody is loving you
And, baby, now you do

(N-now you do, now you do, now you do)
(N-now you do, now you do, now you do)

It's you, it's you, it's all for you, everything I do
I tell you all the time, Heaven is a place on Earth with you
Tell me all the things you wanna do
I heard that you like the bad girls, honey, is that true?
It's better than I ever even knew
They say that the world was built for two
Only worth living if somebody is loving you
And, baby, now you do

(N-now you do, now you do, now you do)
Mmm, now you do
(N-now you do, now you do, now you do)"
genius-3965734,Norman fucking Rockwell,Lana Del Rey,sad,en,"Goddamn, man-child
You fucked me so good that I almost said ""I love you""
You're fun and you’re wild
But you don't know the half of the shit that you put me through
Your poetry's bad and you blame the news
But I can’t change that, and I can't change your mood, ah

'Cause you're just a man
It's just what you do
Your head in your hands
As you color me blue
Yeah, you're just a man
All through and through
Your head in your hands
As you color me blue
Blue, blue, blue

Goddamn, man-child
You act like a kid even though you stand six foot two
Self-loathing poet, resident Laurel Canyon know-it-all
You talk to the walls when the party gets bored of you
But I don't get bored, I just see it through
Why wait for the best when I could have you? You?

'Cause you’re just a man
It’s just what you do
Your head in your hands
As you color me blue
Yeah, you're just a man
All through and through
Your head in your hands
As you color me blue
Blue, blue
You make me blue

Blue, blue
Blue, blue, blue
Blue, blue, blue"
genius-3921655,Diet Mountain Dew (The Flight Demo),Lana Del Rey,sad,en,"You're no good for me
Baby, you're no good for me
You're no good for me
But, baby, I want you, I want you

Diet Mountain Dew, baby, New York City
Never was there ever a girl so pretty
Do you think we'll be in love forever?
Do you think we'll be in love?

Baby, put on heart-shaped sunglasses
'Cause we gonna take a ride
I'm not gonna listen to what the past says
I been waitin' up all night
Take another drag, turn me to ashes
Ready for another lie?
Says he's gonna teach me just what fast is
Say it's gonna be alright

Hit me, my darling, tonight
I don't know why but I like it
Gotta get back to the wild
Give it up, give it up
Live it up, live it up

Diet Mountain Dew, baby, New York City
Never was there ever a girl so pretty
Do you think we'll be in love forever?
Do you think we'll be in love?
Diet Mountain Dew, baby, New York City
Can we hit it now, low-down and gritty?
Do you think we'll be in love forever?
Do you think we'll be in love?

Let's take Jesus off the dashboard
Got enough on his mind
We both know just what we're here for
Saved too many times
Maybe I like this roller coaster
Maybe it keeps me high
Maybe the speed, it brings me closer
I could sparkle up your eye

Hurt me and tell me you're mine
I don't know why but I like it
Scary? My God, you're divine
Gimme them, gimme them dope and diamonds

Diet Mountain Dew, baby, New York City
Never was there ever a girl so pretty
Do you think we'll be in love forever?
Do you think we'll be in love?
Diet Mountain Dew, baby, New York City
Can we hit it now, low-down and gritty?
Do you think we'll be in love forever?
Do you think we'll be in love?

You're no good for me
Baby, you're no good for me
You're no good for me
But baby, I want you, I want you
You're no good for me
Baby, you're no good for me
You're no good for me
But baby, I want you, I want you, I want you

Diet Mountain Dew, baby, New York City
Never was there ever a girl so pretty
Do you think we'll be in love forever?
Do you think we'll be in love?

Baby stoppin' at 7-Eleven
There in his white Pontiac Heaven
Do you think we'll be in love forever?
Do you think we'll be in love?

Diet Mountain Dew, baby, New York City
Can we hit it now, low-down and gritty?
Do you think we'll be in love forever?
Do you think we'll be in love?
Diet Mountain Dew, baby, New York City
Never was there ever a girl so pretty
Do you think we'll be in love forever?
Do you think we'll be in love?"
genius-61458,Born to Die,Lana Del Rey,sad,en,"[Intro: Lana Del Rey & 
Mountain
]
Why? (
Got that?
)
Who, me? (
Louder
)
Why? (
Got that?
)

Feet don't fail me now, take me to the finish line
Oh, my heart, it breaks every step that I take
But I'm hoping at the gates, they'll tell me that you're mine
Walking through the city streets, is it by mistake or design?
I feel so alone on a Friday night
Can you make it feel like home if I tell you you're mine?
It's like I told you, honey (
Louder
)

Don't make me sad, don't make me cry
Sometimes, love is not enough
And the road gets tough, I don't know why
Keep makin' me laugh, let's go get high
The road is long, we carry on
Try to have fun in the meantime

Come and take a walk on the wild side
Let me kiss you hard in the pouring rain
You like your girls insane (
Louder, alright
)
So choose your last words, this is the last time
'Cause you and I, we were born to die

Lost, but now I am found
I can see that once I was blind
I was so confused as a little child
Tried to take what I could get, scared that I couldn't find
All the answers, honey (
Louder
)

Don't make me sad, don't make me cry
Sometimes, love is not enough
And the road gets tough, I don't know why
Keep makin' me laugh, let's go get high
The road is long, we carry on
Try to have fun in the meantime

Come and take a walk on the wild side
Let me kiss you hard in the pouring rain
You like your girls insane (
Louder, alright
)
So choose your last words, this is the last time
'Cause you and I, we were born to die

(We were born to die, we were born to die)
We were born to die
(We were born to die, we were born to die, we were born to die)
We were born to die

Come and take a walk on the wild side
Let me kiss you hard in the pouring rain
You like your girls insane

So don't make me sad, don't make me cry
Sometimes, love is not enough
And the road gets tough, I don't know why
Keep makin' me laugh, let's go get high
The road is long, we carry on
Try to have fun in the meantime

Come and take a walk on the wild side
Let me kiss you hard in the pouring rain
You like your girls insane (
Louder, alright
)
So choose your last words, this is the last time
'Cause you and I, we were born to die

(Louder)
(We were born to die, we were born to die)
We were born to die
(We were born to die, we were born to die)
(We were born to die, we were born to die)
(Louder)
(We were born to die, we were born to die)
(We were born to die, we were born to die)
(Louder)
(We were born to die, we were born to die)
(We were born to die, we were born to die)
(Louder)
(We were born to die, we were born to die)
(We were born to die, we were born to die)
(Got that?)
(Louder)"
genius-3422526,lovely,Billie Eilish,sad,en,"Thought I found a way
Thought I found a way out (
Found
)
But you never go away (
Never go away
)
So I guess I gotta stay now

Oh, I hope some day I'll make it out of here
Even if it takes all night or a hundred years
Need a place to hide, but I can't find one near
Wanna feel alive, outside I can't fight my fear

Isn't it lovely, all alone?
Heart made of glass, my mind of stone
Tear me to pieces, skin to bone
Hello, welcome home

Walking out of time
Looking for a better place (Looking for a better place)
Something's on my mind (Mind)
Always in my head space

But I know someday I'll make it out of here
Even if it takes all night or a hundred years
Need a place to hide, but I can't find one near
Wanna feel alive, outside I can't fight my fear

Isn't it lovely, all alone?
Heart made of glass, my mind of stone
Tear me to pieces, skin to bone
Hello, welcome home

Woah, yeah
Yeah, ah
Woah, woah
Hello, welcome home"
genius-10257627,WILDFLOWER,Billie Eilish,sad,en,"Things fall apart, and time breaks your heart
I wasn't there, but I know
She was your girl, you showed her the world
But fell out of love and you both let go

She was cryin’ on my shoulder, all I could do was hold her
Only made us closer until July
Now, I know that you love me, you don't need to remind me
I should put it all behind me, shouldn't I?

But I see her in the back of my mind all the time
Like a fever, like I’m burning alive, like a sign
Did I cross the line?

(Mm) Hmm

Well, good things don't last (Good things don't last)
And life moves so fast (Life moves so fast)
I'd never ask who was better (I'd never ask who was better)
'Cause she couldn't be (Couldn't)
More different from me (Different)
Happy and free in leather (Happy in leather)

And I know that you love me (You love me)
You don’t need to remind me (Remind me)
Wanna put it all behind me, but baby

I see her in the back of my mind (Back of my mind) all the time (All the time)
Feels like a fever (Like a fever), like I’m burning alive (Burning alive), like a sign
Did I cross the line?

You say no one knows you so well (Oh)
But every time you touch me, I just wonder how she felt
Valentine's Day, cryin’ in the hotel
I know you didn't mean to hurt me, so I kept it to myself

And I wonder
Do you see her in the back of your mind in my eyes?

You say no one knows you so well
But every time you touch me, I just wonder how she felt
Valentine's Day, cryin' in the hotel
I know you didn’t mean to hurt me, so I kept it to myself"
genius-3484874,when the party’s over,Billie Eilish,sad,en,"Don't you know I'm no good for you?
I've learned to lose you, can't afford to
Tore my shirt to stop you bleedin'
But nothin' ever stops you leavin'

Quiet when I'm coming home and I'm on my own
I could lie, say I like it like that, like it like that
I could lie, say I like it like that, like it like that

Don't you know too much already?
I'll only hurt you if you let me
Call me friend, but keep me closer (Call me back)
And I'll call you when the party's over

Quiet when I'm coming home and I'm on my own
And I could lie, say I like it like that, like it like that
Yeah, I could lie, say I like it like that, like it like that

But nothin' is better sometimes
Once we've both said our goodbyes
Let's just let it go
Let me let you go

Quiet when I'm coming home and I'm on my own
I could lie, say I like it like that, like it like that
I could lie, say I like it like that, like it like that"
genius-6533253,Happier Than Ever,Billie Eilish,sad,en,"When I'm away from you
I'm happier than ever
Wish I could explain it better
I wish it wasn't true

Give me a day or two to think of something clever
To write myself a letter
To tell me what to do, mm-mm
Do you read my interviews?
Or do you skip my avenue?
When you said you were passin' through
Was I even on your way?
I knew when I asked you to (When I asked you to)
Be cool about what I was tellin' you
You'd do the opposite of what you said you'd do (What you said you'd do)
And I'd end up more afraid
Don't say it isn't fair
You clearly werеn't aware that you made me misеrable
So if you really wanna know

When I'm away from you (When I'm away from you)
I'm happier than ever (Happier than ever)
Wish I could explain it better (Wish I could explain it better)
I wish it wasn't true, mm-mm

You call me again, drunk in your Benz
Drivin' home under the influence
You scared me to death, but I'm wastin' my breath
'Cause you only listen to your fuckin' friends
I don't relate to you
I don't relate to you, no
'Cause I'd never treat me this shitty
You made me hate this city

And I don't talk shit about you on the internet
Never told anyone anything bad
'Cause that shit's embarrassing, you were my everything
And all that you did was make me fuckin' sad
So don't waste the time I don't have
And don't try to make me feel bad
I could talk about every time that you showed up on time
But I'd have an empty line 'cause you never did
Never paid any mind to my mother or friends, so I
Shut 'em all out for you 'cause I was a kid

You ruined everything good
Always said you were misunderstood
Made all my moments your own
Just fuckin' leave me alone, yeah (Fuck you)
(Ah)
(Goddamn)
(Ah)
(Fuck you)
(Fuck you)"
genius-4271772,bad guy,Billie Eilish,sad,en,"White shirt now red, my bloody nose
Sleepin', you're on your tippy toes
Creepin' around like no one knows
Think you're so criminal
Bruises on both my knees for you
Don't say thank you or please
I do what I want when I'm wanting to
My soul? So cynical

So you're a tough guy
Like it really rough guy
Just can't get enough guy
Chest always so puffed guy
I'm that bad type
Make your mama sad type
Make your girlfriend mad tight
Might seduce your dad type
I'm the bad guy
Duh

I'm the bad guy

I like it when you take control
Even if you know that you don't
Own me, I'll let you play the role
I'll be your animal
My mommy likes to sing along with me
But she won't sing this song
If she reads all the lyrics
She'll pity the men I know

So you're a tough guy
Like it really rough guy
Just can't get enough guy
Chest always so puffed guy
I'm that bad type
Make your mama sad type
Make your girlfriend mad tight
Might seduce your dad type
I'm the bad guy
Duh

I'm the bad guy, duh
I'm only good at bein' bad, bad

I like when you get mad
I guess I'm pretty glad that you're alone
You said she's scared of me?
I mean, I don't see what she sees
But maybe it's 'cause I'm wearing your cologne

I'm a bad guy
I'm, I'm a bad guy
Bad guy, bad guy
I'm a bad"
genius-5013279,everything i wanted,Billie Eilish,sad,en,"I had a dream
I got everything I wanted
Not what you'd think
And if I'm bein' honest
It might've been a nightmare
To anyone who might care
Thought I could fly (Fly)
So I stepped off the Golden, mm
Nobody cried (Cried, cried, cried, cried)
Nobody even noticed
I saw them standing right there
Kinda thought they might care (Might care, might care)

I had a dream
I got everything I wanted
But when I wake up, I see
You with me

And you say, ""As long as I'm here, no one can hurt you
Don't wanna lie here, but you can learn to
If I could change the way that you see yourself
You wouldn't wonder why you hear
'They don't deserve you'""

I tried to scream
But my head was underwater
They called me weak
Like I'm not just somebody's daughter
Coulda been a nightmare
But it felt like they were right there
And it feels like yesterday was a year ago
But I don't wanna let anybody know
'Cause everybody wants something from me now
And I don't wanna let 'em down

I had a dream
I got everything I wanted
But when I wake up, I see
You with me

And you say, ""As long as I'm here, no one can hurt you
Don't wanna lie here, but you can learn to
If I could change the way that you see yourself
You wouldn't wonder why you hear
'They don't deserve you'""

If I knew it all then, would I do it again?
Would I do it again?
If they knew what they said would go straight to my head
What would they say instead?
If I knew it all then, would I do it again?
Would I do it again?
If they knew what they said would go straight to my head
What would they say instead?"
genius-3143252,idontwannabeyouanymore,Billie Eilish,sad,en,"Ba-da-da-da-da
Ba-da-da-da-da

Don't be that way
Fall apart twice a day
I just wish you could feel what you say
Show, never tell
But I know you too well
Got a mood that you wish you could sell

If teardrops could be bottled
There'd be swimming pools filled by models
Told, ""A tight dress is what makes you a whore""
If ""I love you"" was a promise
Would you break it, if you're honest?
Tell the mirror what you know she's heard before
I don't wanna be you
Anymore

Hands getting cold
Losing feeling is getting old
Was I made from a broken mold?
Hurt, I can't shake
We've made every mistake
Only you know the way that I break

If teardrops could be bottled
There'd be swimming pools filled by models
Told, ""A tight dress is what makes you a whore""
If ""I love you"" was a promise
Would you break it, if you're honest?
Tell the mirror what you know she's heard before
I, I don't wanna be you
I don't wanna be you
I don't wanna be you
Anymore"
genius-4186978,i love you,Billie Eilish,sad,en,"It's not true
Tell me I’ve been lied to
Crying isn't like you, ooh
What the hell did I do?
Never been the type to
Let someone see right through, ooh

Maybe won't you take it back?
Say you were tryna make me laugh
And nothing has to change today
You didn’t mean to say ""I love you""
I love you and I don't want to, ooh

Up all night on another red-eye
I wish we never learned to fly
Maybe we should just try
To tell ourselves a good lie
Didn't mean to make you cry

Maybe won't you take it back?
Say you were tryna make me laugh
And nothing has to change today
You didn't mean to say ""I love you""
I love you and I don't want to, ooh

The smile that you gave me
Even when you felt like dying

We fall apart as it gets dark
I'm in your arms in Central Park
There's nothing you could do or say
I can’t escape the way I love you
I don’t want to, but I love you, ooh
Ooh, ooh
Ooh, ooh"
genius-154031,Happy,Pharrell Williams,happy,en,"It might seem crazy what I'm 'bout to say
Sunshine, she's here, you can take a break
I'm a hot air balloon that could go to space
With the air, like I don't care, baby, by the way, huh

(Because I'm happy)
Clap along if you feel like a room without a roof
(Because I'm happy)
Clap along if you feel like happiness is the truth
(Because I'm happy)
Clap along if you know what happiness is to you
(Because I'm happy)
Clap along if you feel like that's what you wanna do

Here come bad news, talking this and that (
Yeah
)
Well, give me all you got and don't hold it back (
Yeah
)
Well, I should probably warn ya, I'll be just fine (
Yeah
)
No offense to you, don't waste your time, here's why

(Because I'm happy)
Clap along if you feel like a room without a roof
(Because I'm happy)
Clap along if you feel like happiness is the truth
(Because I'm happy)
Clap along if you know what happiness is to you
(Because I'm happy)
Clap along if you feel like that's what you wanna do (Hey, come on, uh)

(
Happy
) Bring me down, can't nothing
(
Happy
) Bring me down, my level's too high
(
Happy
) To bring me down, can't nothing
(
Happy
) Bring me down, I said (Let me tell you now)
(
Happy, happy, happy, happy
) Bring me down, can't nothing
(
Happy, happy, happy, happy
) Bring me down, my level's too high
(
Happy, happy, happy, happy
) To bring me down, can't nothing
(
Happy, happy
) Bring me down, I said

(Because I'm happy)
Clap along if you feel like a room without a roof
(Because I'm happy)
Clap along if you feel like happiness is the truth
(Because I'm happy)
Clap along if you know what happiness is to you
(Because I'm happy)
Clap along if you feel like that's what you wanna do
(Because I'm happy)
Clap along if you feel like a room without a roof
(Because I'm happy)
Clap along if you feel like happiness is the truth
(Because I'm happy)
Clap along if you know what happiness is to you
(Because I'm happy)
Clap along if you feel like that's what you wanna do (Hey, come on, uh)

(
Happy, happy, happy, happy
) Bring me down, can't nothing
(
Happy, happy, happy, happy
) Bring me down, my level's too high
(
Happy, happy, happy, happy
) To bring me down, can't nothing
(
Happy, happy
) Bring me down, I said

(Because I'm happy)
Clap along if you feel like a room without a roof, uh
(Because I'm happy)
Clap along if you feel like happiness is the truth, uh
(Because I'm happy)
Clap along if you know what happiness is to you, ayy, ayy, ayy
(Because I'm happy)
Clap along if you feel like that's what you wanna do
(Because I'm happy)
Clap along if you feel like a room without a roof, uh
(Because I'm happy)
Clap along if you feel like happiness is the truth, uh
(Because I'm happy)
Clap along if you know what happiness is to you, hey, hey
(Because I'm happy)
Clap along if you feel like that's what you wanna do

Huh, come on"
genius-2038091,Freedom,Pharrell Williams,happy,en,"Hold on to me
Don't let me go
Who cares what they see?
Who cares what they know?
Your first name is Free
Last name is Dom
'Cause you still believe
In where we’re from

Man's red flower
It's in every living thing
Mind, use your power
Spirit, use your wings
Freedom!
Freedom!
Freedom!
Freedom
Freedom
Freedom

Hold on to me
Don't let me go
Cheetahs need to eat
Run, antelope
Your first name is King
Last name is Dom
'Cause you still believe
In everyone

When a baby first breathes
When night sees sunrise
When the whale hops the sea
When man recognizes
Freedom!
Freedom!
Freedom!
Freedom
Freedom
Breathe in

We are from heat
The electric one
Does it shock you to see
He left us the sun?
Atoms in the air
Organisms in the sea
The sun and yes, man
Are made of the same things

Freedom!
Freedom!
Freedom!
Freedom
Freedom
Freedom
Freedom
Freedom"
genius-3037074,Sangria Wine,Pharrell Williams,happy,en,"Honey said she want somebody break her off proper 
(mhm)
Man, she so relentless so nothing can stop her (woo)
Never left the city 
(come on, man)
 but she swear she's a yardie (hey girl)
Because it's so awesome how she move her body 
(ow)
She do the sangria wine 
(woo),
 sangria wine (uh-huh)
Moving side to side 
(woo),
 front and behind (uh-huh)
Sangria wine 
(woo),
 sangria wine (uh-huh)
Sangria wine 
(woo)
, do the sangria wine (uh-huh)

Move it, I move it
Move my body like it is a pipe
Tutti Frutti, is all that I got
Counter-clockwise, I'm mixin' it up (mixin' it up)
Sip it, sip it, I'll bet that you blush

Yo sé, yo sé, yo sé, yo sé que tú quieres mi cuerpo, eh
Y quieres controlar mi mente, eh
Y todo el mundo quiere ser dueño de ella
Pero nadie puede, ¡ay!

Honey said she want somebody break her off proper
Man, she so relentless so nothing can stop her (woo)
Never left the city (come on, man) but she swear she's a yardie (yeah!)
Because it's so awesome how she move her body
She do the sangria wine 
(woo)
, sangria wine 
(uh-huh)
Moving side to side 
(woo)
, front and behind 
(uh-huh)
Sangria wine 
(woo)
, sangria wine 
(uh-huh)
Sangria wine 
(woo)
, do the sangria wine, yeah 
(uh-huh)

(Uno) Wait a minute
(Dos) Wait a second
(Tres) ¿Qué, qué?
Turbo sauce (woo!)

Let's float around like the fruit at the top (huh)
In Miami, where winters are hot

Yo sé, yo sé, yo sé, yo sé que tú quieres mi cuerpo, eh
Y quieres controlar mi mente, eh
Y todo el mundo quiere ser dueño de ella
Pero nadie puede, ¡ay! (noo)

Honey said she want somebody break her off proper
Man, she so relentless so nothing can stop her
Never left the city 
(come on, man)
 but she swear she's a yardie 
(hey darling)
'Cause it's so awesome how I move my body
She do the sangria wine 
(woo)
, sangria wine 
(uh-huh)
Moving side to side 
(woo)
,  front and behind 
(uh-huh)
Sangria wine 
(woo)
, sangria wine 
(uh-huh)
Sangria wine 
(woo)
, do the sangria wine, yeah 
(uh-huh)

¿Qué, qué?"
genius-370411,Marilyn Monroe,Pharrell Williams,happy,en,"Different

This one goes out to all the lovers
What can we do? We're helpless romantics
We can not help who we're attracted to
So let's all dance, and elevate each other

Dear diary (Oh, dear diary), it's happenin' again (happenin' again)
This energy (Oh the energy), like I'm 'bout to win (I'm 'bout to win)
I just close my eyes (I close my eyes) and visions appear (Visions appear)
She's everything I want (Everything I want), and it's crystal clear

Not even Marilyn Monroe (Marilyn Monroe)
Who? Cleopatra? Please (Cleopatra, please)
Not even Joan of Arc (Joan of Arc)
That don't mean nothin' to me
I just want a different girl

Girl, girl, girl, girl
Girl, girl, can't another good boy keep it this thorough

Why, why do I have to lie?
Pretend, make believe or hide, uh
When I love what I've described
But then again, I don't need no adjectives for this girl

Dear diary (Oh, dear diary), it's happenin' again (happenin' again)
This energy (Oh the energy), like I'm 'bout to win (I'm 'bout to win)
I just close my eyes (I close my eyes) and visions appear (Visions appear)
She's everything I want (Everything I want), and it's crystal clear

Not even Marilyn Monroe (Marilyn Monroe)
Who? Cleopatra? Please (Cleopatra, please)
Not even Joan of Arc (Joan of Arc)
That don't mean nothin' to me
I just want a different girl

Girl, girl, girl, girl
Girl, girl, can't another good boy keep it this thorough

Dear diary (Oh, dear diary), it's happenin' again (happenin' again)
This energy (Oh the energy), like I'm 'bout to win (I'm 'bout to win)
I just close my eyes (I close my eyes) and visions appear (Visions appear)
She's everything I want (Everything I want), and it's crystal clear

Not even Marilyn Monroe (Marilyn Monroe)
Who? Cleopatra? Please (Cleopatra, please)
Not even Joan of Arc (Joan of Arc)
That don't mean nothin' to me
I just want a different girl

What's wrong with that? Yeah
What's wrong with that?
What's wrong with that?

In honor of the groove and all who's surrendered to it
We say thank you, and we take it back

Wished so hard, I wished so hard that it came true
Then my lucky star, I guess you came from behind the moon
I put my arms around her, and I promise not to abuse you
Since now I found you, why the hell would I want to lose you?

Dear diary (Oh, dear diary), it's happenin' again (happenin' again)
This energy (Oh the energy), like I'm 'bout to win (I'm 'bout to win)
I just close my eyes (I close my eyes) and visions appear (Visions appear)
She's everything I want (Everything I want), and it's crystal clear

Not even Marilyn Monroe (Marilyn Monroe)
Who? Cleopatra? Please (Cleopatra, please)
Not even Joan of Arc (Joan of Arc)
That don't mean nothin' to me
I just want a different girl

Girl, girl, girl, girl
Girl, girl, girl on girl
Girl, girl, girl, girl
Girl, girl, can't another good boy keep it this thorough"
genius-8036634,Cash In Cash Out,Pharrell Williams,happy,en,"Straight up

Cash in, cash out, cash in, cash out
Cash in, cash out, cash in, cash out
Cash out, cash out, cash out, cash out
Cash out, cash out, cash out, cash out
Cash in, cash out, cash in, cash out
Cash in, cash out, cash in, cash out
Cash out, cash out, cash out, cash out (21)

Ridin' in the car with no keys (Straight up)
Louis V shirt with no sleeves (On God)
Slaughter Gang, nigga, I'm reppin' (21)
Chopper get to preachin', I'm the reverend (21)
Call him New Era, he cappin' (Yeah)
Them the type of niggas I ain't dappin' (On God)
When I book a show, make my backend cashin'
21, Uncle Sam, dawg, I'm taxin'
Ridin' in the coupe and it's a sport (Yeah)
My bodyguard look like a horse (Straight up)
She gon' suck me up like it's a chore (On God)
Took the LaFerrari on a tour (21)
Buy a Richard Mill' when I get bored (Bored)
Put my sidepiece inside a Porsche (A Porschе)
Money turned me into an assholе
I ain't gon' lie, I was used to being poor (21)
I put Chanel on my feet (And what?)
European model got Chanel on my seats
Put me in a third world country in the middle of the slums
I'ma turn it to a million dollar street (On God)
Pharrell made this so it's a million dollar beat (Straight up)
V12, VVS, I fell in love with Vs (Straight up)
Walk in your section, you ain't reppin' 'bout nothin'
My invoice gon' be a million dollar fee (On God)
Hop in a Bentley and slide (And what?)
Reach for my chain and you die (Say what?)
You know my method, I'ma turn your shirt red, man
Then send your ass how high (On God)
Mama got a Benz, she smiled (21)
Then she got a house, she cried (21)
Nigga took the stand, he lied
Held court in the streets and they gave his ass life (Goddamn)
I'm gettin' bigger and bigger (And what?)
Your pockets littler than little (21)
Put a hundred bands on your head
Now they jumpin' up and down playin' monkey in the middle
She swallow all my kids, she a bad babysitter
Kim Jong-Un, in my pants it's a missile
Friend of the family, I hit all the sisters
The mama love me so she hid all my pistols (Straight up)

Cash in, cash out, cash in, cash out
Cash in, cash out, cash in, cash out
Cash out, cash out, cash out, cash out
Cash out, cash out, cash out, cash out
Cash in, cash out, cash in, cash out
Cash in, cash out, cash in, cash out (
It's Bunnyhop, nigga
)
Cash out, cash out, cash out, cash out (Let me tell these niggas real quick)

Nah, I ain't heard of that, I hit the beach in a furry hat
She got a guy but she purrin' back, I'm lookin' like, ""Where he at?""
Nigga, get out the way (
Way
), that girl my bae (
Hey
)
Rock on my hand, nah, this ain't Dwayne (
Hey, hey
)
This shit neon yellow like pee on it (
Hey, hey
)
Goin' both sides, yeah, you could say I'm B-I (
Hey, hey
)
Got whips like slaves, the garage like, ""Yee-haw""
Horses, more car keys than a piano
One came with an umbrella like Rihanna
Nigga, let's be honest (Umm), be honest
Track needed life, nigga, so they put me on it (Yeah, yeah)
Nigga, you don't be on what we on, and 2-1 got three Ks (
Yeah
)
I think he just might put a sheet on it (
Yeah, yeah
)
Ice so white, motherfucker, you could ski on it (Switch it up)
Look, any stone I'm in, no less than six digits (
Yo, what up, stoner?
)
Beep go the Rolls, right-side, I sit in it (Come on, man)
Tick go the watch, it came with a dent in it (
Come again
)
And skrrt on a plane, just me and my bitch in it (Yo)
(They was talkin' 'bout a hundred million, baby)
Just know it's big business
Hands stay full with them racks like hit tennis (Woo)
And no money, phone account, go get interest
Ah (
Ah
), you got that backend from the backdoor
I got offered two-point-five for the last show (Last show, nigga)
I declined 'cause the stage didn't match my ethos
Hmm, they know that I'm sick with it
Look, player, what you wan' do? (Ooh)
Me, I don't like violence, but the guns do (Ooh)
'Cause that guerilla right there, he gon' hunt you (Ooh)
While me and my bitch countin' stars out the sunroof (
Ooh
)
And if you wanna flick up, I don't want to (Ooh)
And if you say ""No cap"", I ain't trust you (Ooh)
Nigga, I'm the headline, you a plus one (Ooh)
I got some brand new thoughts and a new silk scarf
And my bitch do too (Too)
Double R talk and I got like two (Two)
Turbo on that bitch and it hit like zoom (Zoom)
In the mirror, who that nigga? I'm like, ""You"" (You)
Any time I do something, motherfuckers like, ""Woof, woof""

Cash in, cash out, cash in, cash out
Cash in, cash out, cash in, cash out (
Bunnyhop, bitch
)
Cash out, cash out, cash out, cash out (
Baudelaire, stop fuckin' playin' with me
)
Cash out, cash out, cash out, cash out (I'll buy one of you niggas)
Cash in, cash out, cash in, cash out
Cash in, cash out, cash in, cash out
Cash out, cash out, cash out, cash out (21, 21)"
genius-10374439,Double Life,Pharrell Williams,happy,en,"Yeah
Brra
Yeah

Hey, what are you hidin'? (Watch)
What you doin' when you're gone? (Hey, hey)
Nothin' wrong bein' private (What?)
Make sure it ain't wrong (Yeah)
Your life, double-sided (Watch)
Two-faced like coins
What side do I get? (Watch)
Which side are you on?

So what have you done? (Brra)
Some of your dirt has come to light (Yeah)
Why were you (Yeah, yeah) speedin' up that hill until the brakes come off? (Hey, hey)
And someone saw you in a fight
Am I right?

It doesn't matter to you if you get hеads or tails
You just don't like to flip all the time
But if you spin it, thеn you get to see both sides
Oh, the thrill of the double life

Lie detector time (Watch)
Do you feel bad when you lie? (Watch)
The look on your face says the best life (Watch)
And then come home like it's fine
Am I right? (Watch)

So what have you done?
Some of your dirt has come to light
Why were you (Yeah, yeah) speedin' up that hill until the brakes come off? (Hey)
And someone saw you in a fight
Am I right? (Ah)

It doesn't matter to you if you get heads or tails
You just don't like to flip all the time
But if you spin it, then you get to see both sides
Oh, the thrill of the double life (Brra)

Who will you be tonight? That's the question (Brra)
Who will Gru be tonight? That's the question (Yeah)

I know you heard the rumors (Hey)
You must get over to it right away, oh
If anyone can do it
You gotta get there soon, it's not okay (Hey)
You got cars to drive, plenty jets to fly (Blah, blah)
When will you arrive? You're running out of time (Phew)
Don't you see that everything is on the line?
So I'm sorry, but you have to choose a side

You'll never know when it's your time to go
Side (Hey)
And where you end up in life, that's code
Side
You can't ignore, you're spinnin' your life (Blah, blah)
Side
Your watch is broken 'cause you spent all your time
Side
It's now or never, on this, everything rides
Side
Before the spinning stops, you must pick a side (Hey, brra)

Who will you be tonight? That's the question (Blah, blah)
Who will Gru be tonight? That's the question (Phew)
Who will you be tonight? (Hey) That's the question (Yeah)
Who will Gru be tonight? (Ayy) That's the question"
genius-49781,Frontin’,Pharrell Williams,happy,en,"Yeah
I'm looking at you, uh
Sexy, yeah
God, your ass is so fat
Been meaning to get with you
Yeah, yeah

Don't wanna sound full of myself or rude
But you ain't looking at no other dudes
'Cause you love me (I'm sorry, baby, so sexy)
So you think about a chance
You find yourself trying to do my dance
Maybe 'cause you love me (Uh, you do it well)

So then we tried singing it slow now
Because you weren't used to
How fast we touched (Fast we touched)
Then we locked eyes and I knew I was in there
And I was gon' tear your ass up (Tear your ass up)

I know that I'm carrying on
Never mind if I'm showing off
I was just frontin'
You know I want you, babe
I'm ready to bet it all
Unless you don't care at all
But you know I want ya
You should stop frontin', babe

Trying to be the best girlfriend you could be
But still, you sneak and look at me, and girl, I love it, uh
Then you give your other girl a shove
Tell her you gon' call her, ask how it was
And she's gon' love it (Whoa-oh, whoa, yeah, yeah)

So then we tried singing it slow now
Because you weren't used to
How fast we touched (Fast we touched)
Then we locked eyes and I knew I was in there
And I was gon' tear your ass up (Tear your ass up)

I know that I'm carrying on
Never mind if I'm showing off
I was just frontin'
(You know I want you, babe)
I'm ready to bet it all
Unless you don't care at all
But you know I want ya (I want ya)
(You should stop frontin', babe)

Ho!
We got another one, Phar-real!
Dance
I call you ""for real"" (Ooh) 'cause you the truth, haha
Oh-woah
Young, great Hova (Oh-oh)
Uh (Dance), yeah (Ooh), let me talk to 'em
Oh-woah
I'ma keep it real (Oh-oh)

[Verse 3: Jay-Z & 
Pharrell Williams
]
Every time your name was brought up
I would act all nonchalant in front of an audience
Like you was just another shorty I put the naughty on
But uh, truth be told
You threw me for a loop, this Hov
I'm too old to be frontin' what I'm feelin', Denzelin'
Actin' like you ain't appealin' when you are
Stuntin' like you ain't my only girl when you are
(I was just frontin')
I'm ready to stop when you are

I know that I'm carrying on
Never mind if I'm showing off
I was just frontin'
(You know I want you, babe)
I'm ready to bet it all
Unless you don't care at all
But you know I want ya (I want ya)
(You should stop frontin', babe)

C'mon (Ho!)
Dance, ooh
Oh-woah (Oh), oh-oh
Dance (Oww!), ooh
Oh-woah (Oh), oh-oh
You like this for real?
Thank you, baby
Look
I'm leavin' now
I'll see you later
I'ma see you through your window
Bye"
genius-370526,Gust of Wind,Pharrell Williams,happy,en,"My heart is filled with love and care
Not an ounce of gas I would get up there
The answer's simple
You lift me up
The view up here, I see all the stars
Ooh, there go Venus, and there go Mars
Somethin' you been through
You're from above, hey

When I first saw you, I got excited
Tried to keep my composure, tryna hide it
But I didn't know
I didn't let go
Then it occurred to me while tryna fight it
Just like a kite, you learn to ride it
But I didn't know
You s'posed to let it go

Like a gust of wind
You head me off sometimes
Like a gust of wind
You push me back every once in a while
Like a gust of wind
You remind me there's someone up there
Who ushers in
The air I need to power my sail

When I open the window
I wanna hug you
'Cause you remind me of the air
I said yeah
'Cause when I'm feelin' real low
I remember I love you
I put my hands in the air
And you were there

With your love, I can board the skies
Riding away that electrified mothership other
Can I stow away? (Can I stow away, girl, girl?)
Colorful winds of the northern sky
It's the closest thing, and here is why
'Cause we're color
You blow me away (Blow me away, girl, girl)

I need it like I breathe it
Music and colors can make one hover
Who cares if they don't see you?
Don't you know that they're the same?
I need it like I breathe it
If you never discover, forever, you'll suffer
Who cares if they don't see you?
You gotta tap in and learn the way

Like a gust of wind
You head me off sometimes
Like a gust of wind
You push me back every once in a while
Like a gust of wind
You remind me there's someone up there
Who ushers in
The air I need to power my sail

When I open the window
I wanna hug you
'Cause you remind me of the air
I said yeah
'Cause when I'm feelin' real low
I remember I love you
I put my hands in the air
And you were there

When I first saw you, I got excited
Tried to keep my composure, tryna hide it
But I didn't know
I didn't let it go
Then I realized I'm trying to fight it
Just so they can learn to ride it
But I didn't know, oh
I had to let it go

Like a gust of wind
You head me off sometimes
Like a gust of wind
You push me back every once in a while
Like a gust of wind
You remind me there's someone up there
Who ushers in
The air I need to power my sail

When I open the window
I wanna hug you
'Cause you remind me of the air
I said yeah
'Cause when I'm feelin' real low
I remember I love you
I put my hands in the air
And you were there"
genius-3250,California Gurls,Katy Perry,happy,en,"Greetings, loved ones
Let's take a journey

I know a place
Where the grass is really greener
Warm, wet, and wild
There must be somethin' in the water
Sippin' gin and juice
Layin' underneath the palm trees (Yeah, yeah, undone)
The boys break their necks
Tryna creep a little sneak peek (What? What? What? At us)

You could travel the world
But nothing comes close to the golden coast
Once you party with us
You'll be falling in love
Oh, oh-oh-oh-oh-oh-oh

California girls, we're unforgettable
Daisy Dukes, bikinis on top
Sun-kissed skin so hot, we'll melt your popsicle
Oh-oh-oh-oh-oh-oh, oh, oh-oh-oh-oh-oh
California girls, we're undeniable
Fine, fresh, fierce, we got it on lock
West Coast represent, now put your hands up
Oh-oh-oh-oh-oh-oh, oh, oh-oh-oh-oh-oh (Ayy)

Sex (Sex) on the beach
We don't mind sand in our stilettos
We freak in my Jeep
Snoop Doggy Dogg on the stereo, oh, oh

You could travel the world (You could travel the world)
But nothing comes close to the golden coast
Once you party with us (Once you party with us)
You'll be falling in love
Oh, oh-oh-oh-oh-oh-oh

California girls, we're unforgettable (
California
)
Daisy Dukes, bikinis on top
Sun-kissed skin so hot, we'll melt your popsicle (
Ooh
)
Oh-oh-oh-oh-oh, oh, oh-oh-oh-oh-oh-oh
California girls (California), we're undeniable
Fine, fresh, fierce, we got it on lock
West Coast represent (
West Coast
), now put your hands up
Oh-oh-oh-oh-oh-oh, oh, oh-oh-oh-oh-oh

Toned, tan, fit, and ready (Ready)
Turn it up 'cause it's gettin' heavy
Wild, wild, West Coast
These are the girls I love the most
I mean the ones, I mean like she's the one
Kiss her, touch her, squeeze her buns (
Uh
)
The girl's a freak
She drive a Jeep and live on the beach
I'm okay, I won't play
I love the Bay (Bay) just like I love L.A.​ (L.A.​)
Venice Beach and Palm Springs (Hey)
Summertime is everything
Homeboys bangin' out
All that ass hangin' out
Bikinis, zucchinis, martinis
No weenies, just the king and a queenie
Katy, my lady (Yeah?)
Look at here, baby (Uh-huh)
I'm all up on ya
'Cause you representin' California (Oh-oh, yeah)

California girls, we're unforgettable
Daisy Dukes, bikinis on top (
Wow
, hey)
Sun-kissed skin so hot, we'll melt your popsicle
Oh-oh-oh-oh-oh-oh, oh, oh-oh-oh-oh-oh (Come on, come on, oh, oh, oh yeah)
California girls, we're undeniable (-Niable)
Fine, fresh, fierce, we got it on lock
West Coast represent (West Coast, West Coast)
Now put your hands up (Ayy, ayy)
Oh-oh-oh-oh-oh-oh, oh, oh-oh-oh-oh-oh

[Outro: Katy Perry & 
Snoop Dogg
]
California
California girls (
California girls, man
)
California (
Hahahaha
)
California Girls"
genius-3080768,Swish Swish,Katy Perry,happy,en,"They know what is what
But they don't know what is what
They just strut
What the fuck?

A tiger
Don't lose no sleep
Don't need opinions
From a shellfish or a sheep
Don't you come for me
No, not today
You're calculated
I got your number
'Cause you're a joker
And I'm a courtside killer queen
And you will kiss the ring
You best believe

So keep calm, honey, I'ma stick around
For more than a minute, get used to it
Funny my name keeps comin' out your mouth
'Cause I stay winnin', lay 'em up like

Swish, swish, bish
Another one in the basket
Can't touch this
Another one in the casket

Your game is tired
You should retire
You're 'bout as cute as
An old coupon expired
And karma's not a liar
She keeps receipts

So keep calm, honey, I'ma stick around
For more than a minute, get used to it
Funny my name keeps comin' out your mouth
'Cause I stay winnin', lay 'em up like

Swish, swish, bish
Another one in the basket
Can't touch this
Another one in the casket (Let's go)
Swish, swish, bish
Another one in the basket
Can't touch this
Another one in the casket

They know what is what
But they don't know what is what (Katy Perry, what)
They just, know what is what (
Young Money
)
But they don't know what is what (
What
)
They just, know what is what
But they don't know what is what
They just strut
What the fuck? (
Yo
)

Pink Ferragamo sliders on deck
Silly rap beefs just get me more checks
My life is a movie, I'm never off set
Me and my amigos, no, not Offset
Swish swish, aw, I got them upset
But my shooters'll make 'em dance like dubstep
Swish, swish, aw, my haters is obsessed
'Cause I make M's, they get much less
Don't be tryna double back, I already despise you (Yeah)
All that fake love you showin' couldn't even disguise you
Yo, yo
Ran? When? Nicki gettin' tan
Mirror, mirror, who's the fairest bitch in all the land?
Damn, man, this bitch is a Stan
The generous queen'll kiss a fan
Ass goodbye, I'ma be ridin' by
I'ma tell my **** Biggz, yeah, that's the guy
A star's a star, da-ha-da-ha
They never thought the swish god would take it this far
Get my pimp cup, this is pimp shit, baby
I only rock with Queens, so I'm makin' hits with Katy

Swish, swish, bish
Another one in the basket (And another one, and another one)
Can't touch this (Can't touch this)
Another one in the casket (And another one, and another one)

They know what is what (
Do they know?
)
But they don't know what is what
They just, know what is what
But they don't know what is what
They just
, know what is what
But they don't know what is what
They just strut
What the"
genius-219361,Dark Horse,Katy Perry,happy,en,"Yeah, y'all know what it is
Katy Perry, Juicy J
Uh-huh, let's rage

I knew you were, you were gonna come to me
And here you are, but you better choose carefully
'Cause I, I'm capable of anything
Of anything, and everything
Make me your Aphrodite
Make me your one and only
But don't make me your enemy (Enemy)
Your enemy (Your enemy), your enemy

So you wanna play with magic?
Boy, you should know what you're fallin' for
Baby, do you dare to do this?
'Cause I'm comin' at you like a dark horse
Are you ready for, ready for
A perfect storm, perfect storm?
'Cause once you're mine, once you're mine
There's no goin' back

Mark my words, this love will make you levitate
Like a bird, like a bird without a cage
We're down to earth if you choose to walk away
Don't walk away (Walk away)
It's in the palm of your hand now, baby
It's a yes or a no, no maybe
So just be sure before you give it all to me
All to me, give it all to me

So you wanna play with magic?
Boy, you should know what you're fallin' for
Baby, do you dare to do this?
'Cause I'm comin' at you like a dark horse
Are you ready for, ready for
A perfect storm, perfect storm?
'Cause once you're mine, once you're mine
There's no goin' back

She's a beast, I call her Karma (Come back)
She eat your heart out like Jeffrey Dahmer (Woo)
Be careful, try not to lead her on
Shawty heart is on steroids 'cause her love is so strong
You may fall in love when you meet her (Meet her)
If you get the chance, you better keep her (Keep her)
She's sweet as pie, but if you break her heart
She turn cold as a freezer (Freezer)
That fairy tale ending with a knight in shining armor
She can be my sleepin' beauty, I'm gon' put her in a coma (Woo)
Damn, I think I love her, shawty so bad, I'm sprung and I don't care
She ride me like a roller coaster, turn the bedroom into a fair (A fair)
Her love is like a drug, I was tryna hit it and quit it
But lil' mama so dope, I messed around and got addicted

So you wanna play with magic?
Boy, you should know what you're fallin' for (You should know)
Baby, do you dare to do this?
'Cause I'm comin' at you like a dark horse (Like a dark horse)
Are you ready for, ready for (Ready for)
A perfect storm, perfect storm? (A perfect storm)
'Cause once you're mine, once you're mine (Mine)
There's no goin' back"
genius-59339,The One That Got Away,Katy Perry,happy,en,"Summer after high school, when we first met
We'd make out in your Mustang to Radiohead
And on my eighteenth birthday, we got matching tattoos
Used to steal your parents' liquor and climb to the roof
Talked about our future like we had a clue
Never planned that one day, I'd be losing you

In another life
I would be your girl
We'd keep all our promises
Be us against the world
In another life
I would make you stay
So I don't have to say you were
The one that got away
The one that got away

I was June, and you were my Johnny Cash
Never one without the other, we made a pact
Sometimes when I miss you, I put those records on, woah
Someone said you had your tattoo removed
Saw you downtown, singing the blues
It's time to face the music, I'm no longer your muse

But in another life
I would be your girl
We'd keep all our promises
Be us against the world
In another life
I would make you stay
So I don't have to say you were
The one that got away
The one that got away

The one
The one
The one
The one that got away

All this money can't buy me a time machine, no
Can't replace you with a million rings, no
I should've told you what you meant to me, woah
'Cause now I pay the price

In another life
I would be your girl
We'd keep all our promises
Be us against the world
In another life
I would make you stay
So I don't have to say you were
The one that got away
The one that got away (The one that got away)

The one (The one)
The one (The one)
The one (The one)
In another life
I would make you stay
So I don't have to say you were
The one that got away
The one that got away"
genius-83607,Wide Awake,Katy Perry,happy,en,"I'm wide awake
I'm wide awake

(I'm wide awake) Yeah, I was in the dark
I was falling hard with an open heart
(I'm wide awake) How did I read the stars so wrong?
(I'm wide awake) And now it's clear to me
That everything you see ain't always what it seems
(I'm wide awake) Yeah, I was dreaming for so long

I wish I knew then what I know now
Wouldn't dive in, wouldn't bow down
Gravity hurts, you made it so sweet
'Til I woke up on, on the concrete

Fallin' from cloud nine
Crashin' from the high
I'm letting go tonight
Yeah, I'm fallin' from cloud nine

(I'm wide awake) Not losing any sleep
I picked up every piece and landed on my feet
(I'm wide awake) Need nothing to complete myself, no
(I'm wide awake) Yeah, I am born again
Out of the lion's den, I don't have to pretend
(And it's too late) The story's over now, the end

I wish I knew then what I know now
Wouldn't dive in, wouldn't bow down
Gravity hurts, you made it so sweet
'Til I woke up on, on the concrete

Fallin' from cloud nine (It was outta the blue, I'm)
Crashin' from the high
I'm letting go tonight (Yeah, I'm letting you go, I'm)
I'm fallin' from cloud nine

(I'm wide awake) Thunder rumbling
Castles crumbling
(I'm wide awake) I am tryin' to hold on
(I'm wide awake) God knows that I tried
Seeing the bright side
(I'm wide awake) But I'm not blind anymore

I'm wide awake
I'm wide awake

Yeah, I'm fallin' from cloud nine (It was outta the blue, I'm)
Crashin' from the high
You know I'm letting go tonight (Yeah, I'm letting you go, I'm)
I'm fallin' from cloud nine

I'm wide awake
I'm wide awake
I'm wide awake
I'm wide awake
I'm wide awake"
genius-2977709,Chained to the Rhythm,Katy Perry,happy,en,"Are we crazy?
Living our lives through a lens
Trapped in our white picket fence
Like ornaments

So comfortable, we're living in a bubble, bubble
So comfortable, we cannot see the trouble, trouble

Aren't you lonely
Up there in utopia
Where nothing will ever be enough?
Happily numb

So comfortable, we're living in a bubble, bubble
So comfortable, we cannot see the trouble, trouble

So put your rose-colored glasses on
And party on

Turn it up, it's your favorite song
Dance, dance, dance to the distortion
Turn it up, keep it on repeat
Stumbling around like a wasted zombie
Yeah, we think we're free
Drink, this one's on me
We're all chained to the rhythm
To the rhythm, to the rhythm
Turn it up, it's your favorite song
Dance, dance, dance to the distortion
Turn it up, keep it on repeat
Stumbling around like a wasted zombie
Yeah, we think we're free
Drink, this one's on me
We're all chained to the rhythm
To the rhythm, to the rhythm

Are we tone deaf?
Keep sweeping it under the mat
Thought we could do better than that
I hope we can

So comfortable, we're living in a bubble, bubble
So comfortable, we cannot see the trouble, trouble

So put (So put) your rose-colored glasses on
And party on

[Chorus: Katy Perry & 
Skip Marley
]
Turn it up, it's your favorite song
Dance, dance, dance to the distortion
Turn it up, keep it on repeat
Stumbling around like a wasted zombie
Yeah, we think we're free
Drink, this one's on me
We're all chained to the rhythm
To the rhythm, to the rhythm
Turn it up, it's your favorite song (Oh)
Dance, dance, dance to the distortion
Turn it up, keep it on repeat
Stumbling around like a wasted zombie
Yeah, we think we're free
Drink, this one's on me
We're all chained to the rhythm
To the rhythm, to the rhythm (
Woah, oh, oh
)

It is my desire
Break down the walls to connect, inspire
Ayy, up inna your high place, liars
Time is ticking for the empire
The truth they feed is feeble
As so many times before
They greed over the people
They stumbling and fumbling and we about to riot
They woke up, they woke up the lions
 (Woo!)

Turn it up, it's your favorite song
Dance, dance, dance to the distortion
Turn it up, keep it on repeat (
Turn it up, turn it up, yeah
)
Stumbling around like a wasted zombie (Like a wasted zombie)
Yeah, we think we're free
Drink, this one's on me (Oh, we're all)
We're all chained to the rhythm (Oh, we're all)
To the rhythm, to the rhythm (Chained to the rhythm)

It goes on and on and on (Turn it up, it goes)
It goes on and on and on (Turn it up, it goes on and on and on)
It goes on and on and on (On and on and on, it goes)
'Cause we're all chained to the rhythm"
genius-2563,Firework,Katy Perry,happy,en,"Do you ever feel like a plastic bag
Drifting through the wind, wanting to start again?
Do you ever feel, feel so paper-thin
Like a house of cards, one blow from cavin' in?
Do you ever feel already buried deep?
Six feet under screams, but no one seems to hear a thing
Do you know that there's still a chance for you?
'Cause there's a spark in you

You just gotta ignite the light
And let it shine
Just own the night
Like the Fourth of July

'Cause baby, you're a firework
Come on, show 'em what you're worth
Make 'em go, ""Ah, ah, ah""
As you shoot across the sky-y-y
Baby, you're a firework
Come on, let your colors burst
Make 'em go, ""Ah, ah, ah""
You're gonna leave 'em all in awe, awe, awe

You don't have to feel like a waste of space
You're original, cannot be replaced
If you only knew what the future holds
After a hurricane comes a rainbow
Maybe a reason why all the doors are closed
So you could open one that leads you to the perfect road
Like a lightning bolt, your heart will glow
And when it's time, you'll know

You just gotta ignite the light
And let it shine
Just own the night
Like the Fourth of July

'Cause baby, you're a firework
Come on, show 'em what you're worth
Make 'em go, ""Ah, ah, ah""
As you shoot across the sky-y-y
Baby, you're a firework
Come on, let your colors burst
Make 'em go, ""Ah, ah, ah""
You're gonna leave 'em all in awe, awe, awe

Boom, boom, boom
Even brighter than the moon, moon, moon
It's always been inside of you, you, you
And now it's time to let it throu-ou-ough

'Cause baby, you're a firework
Come on show 'em what you're worth
Make 'em go, ""Ah, ah, ah,""
As you shoot across the sky-y-y
Baby, you're a firework
Come on, let your colors burst
Make 'em go, ""Ah, ah, ah""
You're gonna leave 'em all in awe, awe, awe

""Boom, boom, boom""
Even brighter than the moon, moon, moon
""Boom, boom, boom""
Even brighter than the moon, moon, moon"
genius-130024,I Kissed a Girl,Katy Perry,happy,en,"This was never the way I planned
Not my intention
I got so brave, drink in hand
Lost my discretion
It's not what I'm used to
Just wanna try you on
I'm curious for you
Caught my attention

I kissed a girl and I liked it
The taste of her cherry ChapStick
I kissed a girl just to try it
I hope my boyfriend don't mind it
It felt so wrong, it felt so right
Don't mean I'm in love tonight
I kissed a girl and I liked it
I liked it

No, I don't even know your name
It doesn't matter
You're my experimental game
Just human nature
It's not what good girls do
Not how they should behave
My head gets so confused
Hard to obey

I kissed a girl and I liked it
The taste of her cherry ChapStick
I kissed a girl just to try it
I hope my boyfriend don't mind it
It felt so wrong, it felt so right
Don't mean I'm in love tonight
I kissed a girl and I liked it
I liked it

Us girls, we are so magical
Soft skin, red lips, so kissable
Hard to resist, so touchable
Too good to deny it
Ain't no big deal, it's innocent

I kissed a girl and I liked it
The taste of her cherry ChapStick
I kissed a girl just to try it
I hope my boyfriend don't mind it
It felt so wrong, it felt so right
Don't mean I'm in love tonight
I kissed a girl and I liked it
I liked it"
genius-2909160,That’s What I Like,Bruno Mars,happy,en,"Ayy, ayy, ayy
I got a condo in Manhattan
Baby girl, what's happenin'?
You and your ass invited
So go on and get to clappin'
So pop it for a player
Pop, pop it for me
Turn around and drop it for a player
Drop, drop it for me
I'll rent a beach house in Miami ('ami)
Wake up with no jammies (Nope)
Lobster tail for dinner
Julio, serve that scampi (Julio!)
You got it if you want it
Got, got it if you want it
Said, you got it if you want it
Take my wallet if you want it now

Jump in the Cadillac, girl, let's put some miles on it
Anything you want, just to put a smile on it
You deserve it, baby, you deserve it all
And I'm gonna give it to you

Gold jewelry shinin' so bright
Strawberry champagne on ice
Lucky for you, that's what I like, that's what I like
Lucky for you, that's what I like, that's what I like
Sex by the fire at night
Silk sheets and diamonds all white
Lucky for you, that's what I like, that's what I like
Lucky for you, that's what I like, that's what I like

I'm talkin' trips to Puerto Rico (Bih)
Say the word and we go (Say it)
You can be my freaka (Brrrt!)
Girl, I'll be your fleeko, Mamacita
I will never make a promise that I can't keep
I promise that your smile ain't gon' ever leave
Shoppin' sprees in Paris
Everything 24 karats
Take a look in that mirror
Now, tell me, who's the fairest?
Is it you? 
(Is it you?)
 Is it me? 
(Is it me?)
Say it's us 
(Say it's us)
 and I'll agree, baby

Jump in the Cadillac, girl, let's put some miles on it
Anything you want, just to put a smile on it
You deserve it, baby, you deserve it all
And I'm gonna give it to you

Gold jewelry shinin' so bright
Strawberry champagne on ice
Lucky for you, that's what I like, that's what I like
Lucky for you, that's what I like, that's what I like
Sex by the fire at night
Silk sheets and diamonds all white
Lucky for you, that's what I like, that's what I like
Lucky for you, that's what I like, that's what I like

You say you want a good time
Well, here I am, baby, here I am, baby
Talk to me, talk to me, talk to me, baby
Tell me, what's on your mind? (What's on your mind?)
If you want it, girl, come and get it
All this is here for you
Tell me, baby, tell me, tell me, baby
What you tryna do?

Gold jewelry shinin' so bright
Strawberry champagne on ice
Lucky for you, that's what I like, that's what I like (That's what I like, babe)
Lucky for you, that's what I like, that's what I like (Oh, oh)
Sex by the fire at night
Silk sheets and diamonds all white (All white)
Lucky for you, that's what I like, that's what I like (That's what I like, babe)
Lucky for you, that's what I like, that's what I like (Ooh, ooh, ooh)"
genius-122542,When I Was Your Man,Bruno Mars,happy,en,"Same bed, but it feels just a little bit bigger now
Our song on the radio, but it don't sound the same
When our friends talk about you, all it does is just tear me down
'Cause my heart breaks a little when I hear your name

It all just sounds like (Ooh, ooh)
Mm, too young, too dumb to realize

That I should've bought you flowers
And held your hand
Shoulda gave you all my hours
When I had the chance
Take you to every party
'Cause all you wanted to do was dance
Now my baby's dancin'
But she's dancin' with another man

Uh, my pride, my ego, my needs, and my selfish ways
Caused a good, strong woman like you to walk out my life
Now I'll never, never get to clean up the mess I made, oh
And that haunts me every time I close my eyes

It all just sounds like (Ooh, ooh)
Mm, too young, too dumb to realize

That I should've bought you flowers
And held your hand
Shoulda gave you all my hours
When I had the chance
Take you to every party
'Cause all you wanted to do was dance
Now my baby's dancin'
But she's dancin' with another man

Although it hurts
I'll be the first to say that
I was wrong
Oh, I know I'm probably much too late
To try and apologize for my mistakes
But I just want you to know

I hope he buys you flowers
I hope he holds your hand
Give you all his hours
When he has the chance
Take you to every party
'Cause I remember how much you love to dance
Do all the things I should've done
When I was your man
Do all the things I should've done
When I was your man"
genius-3411476,Finesse (Remix),Bruno Mars,happy,en,"Drop top Porsche (Porsche), Rollie on my wrist (Wrist)
Diamonds up and down my chain (Aha)
Cardi B, straight stuntin', can't tell me nothin'
Bossed up and I changed the game (You see me?)
It's my big Bronx boogie, got all them girls shook (Shook)
My big fat ass got all them boys hooked (Hooked)
Went from dollar bills, now we poppin' rubber bands (Ha)
Bruno sang to me while I do my money dance like
Ayy, flexin' on the 'Gram like
Ayy, hit the Lil Jon
Okay (Okay), okay (Okay)
Oh, yeah, we drippin' in finesse and gettin' paid, ow

Ooh, don't we look good together?
There's a reason why they watch all night long (All night long, woo)
Yeah, I know we'll turn heads forever
So tonight, I'm gonna show you off

When I walk in with you (When I walk in with you)
I watch the whole room change (I watch the whole room change)
Baby, that's what you do (Baby, that's what you do)
No, my baby don't play (No)
Blame it on my confidence
Or blame it on your measurements
Shut the shit down on sight
That's right

We out here drippin' in finesse
It don't make no sense
Out here drippin' in finesse
You know it, you know
We out here drippin' in finesse
It don't make no sense
Out here drippin' in finesse
You know it, you know it

Now, slow it down for me, baby (Slow it down, girl)
'Cause I love the way it feels when we grind (When we grind), yeah
Our connection's so magnetic on the floor
Nothing can stop us tonight

When I walk in with you (When I walk in with you)
I watch the whole room change (I watch the whole room change)
Baby, that's what you do (Baby, that's what you do)
No, my baby don't play (No)
Blame it on my confidence
Or blame it on your measurements
Shut the shit down on sight
That's right

We out here drippin' in finesse
It don't make no sense
Out here drippin' in finesse
You know it, you know
We out here drippin' in finesse
It don't make no sense
Out here drippin' in finesse
You know it, you know it (Woo)

Fellas, grab your ladies if your lady fine
Tell her she the one, she the one for life (Woo)
Ladies, grab your fellas and let's do this right (Do this right)
If you're on one like me and mine (Ow)

Yeah, we got it goin' on, got it goin' on
Don't it feel so good to be us? Ayy
Yeah, we got it goin' on, got it goin' on, yeah
Girl, we got it goin' on
Yeah, we got it goin' on, got it goin' on (
Hey, hey
)
Don't it feel so good to be us? Ayy (
It feels so good with you
)
Yeah, we got it goin' on, got it goin' on, yeah (Woo)

We out here drippin' in finesse (
We drippin' on 'em
)
It don't make no sense
Out here drippin' in finesse
You know it, you know it
We out here drippin' in finesse with my baby
It don't make no sense (Oh-oh)
Out here drippin' in finesse (
Yeah, yeah
)
You know it, you know it (Girl, you know we got it goin' on)

Yeah, we got it goin' on, got it goin' on
Don't it feel so good to be us? Ayy
Yeah, we got it goin' on, got it goin' on
You know it, you know it
 (
Ooh
)
Yeah, we got it goin' on, got it goin' on (
Girl, we got it
)
Don't it feel so good to be us? Ayy
 (
Baby
)
Yeah, we got it goin' on, got it goin' on (Woo)
You know it, you know it"
genius-2898687,Versace on the Floor,Bruno Mars,happy,en,"Let's take our time tonight, girl
Above us, all the stars are watchin'
There's no place I'd rather be in this world
Your eyes are where I'm lost in
Underneath the chandelier
We're dancin' all alone
There's no reason to hide
What we're feelin' inside
Right now

So, baby, let's just turn down the lights
And close the door
Ooh, I love that dress
But you won't need it anymore
No, you won't need it no more
Let's just kiss 'til we're naked, baby

Versace on the floor
Ooh, take it off for me, for me, for me, for me now, girl
Versace on the floor
Ooh, take it off for me, for me, for me, for me now, girl

I'll unzip the back and watch it fall
While I kiss your neck and shoulders
No, don't be afraid to show it all
I'll be right here ready to hold you
Girl, you know you're perfect from
Your head down to your heels
Don't be confused by my smile
'Cause I ain't ever been more for real, for real

So just turn down the lights
And close the door
Ooh, I love that dress
But you won't need it anymore
No, you won't need it no more
Let's just kiss 'til we're naked, baby

Versace on the floor
Ooh, take it off for me, for me, for me, for me now, girl
Versace on the floor
Ooh, take it off for me, for me, for me, for me now, girl
Dance

It's warmin' up
Can you feel it?
It's warmin' up
Can you feel it?
It's warmin' up
Can you feel it, baby?
It's warmin' up
Oh, seems like you're ready for more, more, more
Let's just kiss 'til we're naked

Ooh, Versace on the floor
Hey, baby
Take it off for me, for me, for me, for me now, girl
Versace on the floor
Ooh, take it off for me, for me, for me, for me now, girl

Versace on the floor
Floor
Floor"
genius-13152465,Risk It All,Bruno Mars,happy,en,"For just the chance to win your heart
You could set the bar beyond the stars
I'll do anything, anything you ask me to

Say you want the moon
Watch me learn to fly
Ain't no mountain you could point to
I wouldn't climb

It's crazy, but it's true
There's nothing I won't do
I'd risk it all for you

To hold your hand and call you mine
I'm tryna be your man 'til the end of time
Oh, I'll do anything, anything you ask me to

I would run through a fire
Just to be by your side
If your heart's on the line
You could take mine

It's crazy, but it's true
There's nothing I won't do
I'd risk it all for you

I would swim across the sea just to show you
Sacrifice my life just to hold you
I could go on and on
To prove that you belong here in my arms

Say you want the moon
Watch me learn to fly
Ain't no mountain you could point to
I wouldn't climb

It's crazy, but it's true
There's nothing I won't do
I'd risk it all for you
It's crazy, but it's true
There's nothing I won't do
I'd risk it all for you"
genius-57149,It Will Rain,Bruno Mars,happy,en,"If you ever leave me, baby
Leave some morphine at my door
'Cause it would take a whole lot of medication
To realize what we used to have
We don't have it anymore
There's no religion that could save me
No matter how long my knees are on the floor, oh
So keep in mind all the sacrifices I'm makin'
To keep you by my side
To keep you from walkin' out the door

'Cause there'll be no sunlight, if I lose you, baby
There'll be no clear skies, if I lose you, baby
Just like the clouds, my eyes will do the same
If you walk away, every day, it'll rain, rain, rain

I'll never be your mother's favorite
Your daddy can't even look me in the eye
Ooh, if I was in their shoes, I'd be doin' the same thing
Sayin', ""There goes my little girl
Walkin' with that troublesome guy""
But they're just afraid of somethin' they can't understand
Ooh, but, little darlin', watch me change their minds
Yeah, for you, I'll try, I'll try, I'll try, I'll try

And pick up these broken pieces 'til I'm bleedin'
If that'll make you mine

'Cause there'll be no sunlight, if I lose you, baby
There'll be no clear skies, if I lose you, baby
Just like the clouds, my eyes will do the same
If you walk away, every day it'll rain, rain, rain

Oh, don't you say (Don't you say) goodbye (Goodbye)
Don't you say (Don't you say) goodbye (Goodbye)

I'll pick up these broken pieces 'til I'm bleedin'
If that'll make it right

'Cause there'll be no sunlight, if I lose you, baby
There'll be no clear skies, if I lose you, baby
Just like the clouds, my eyes will do the same
If you walk away, every day it'll rain, rain, rain"
genius-2872960,24K Magic,Bruno Mars,happy,en,"Tonight
I just wanna take you higher
Throw your hands up in the sky
Let's set this party off right
Players

Put your pinky rings up to the moon
Girls, what y'all tryna do?
24-karat magic in the air
Head to toe so player
Look out, uh

Pop-pop, it's show time (Show time), show time (Show time)
Guess who's back again? (Brrah)
Oh, they don't know? (Go on, tell 'em) Oh, they don't know? (Go on, tell 'em)
I bet they know as soon as we walk in (Showin' up)
Wearin' Cuban links (Yeah), designer minks (Yeah)
Inglewood's finest shoes (Woop, woop)
Don't look too hard, might hurt yourself
Known to give the color red the blues
Woo, shit

I'm a dangerous man with some money in my pocket (Keep up)
So many pretty girls around me and they wakin' up the rocket (Keep up)
Why you mad? Fix your face, ain't my fault they all be jockin' (Keep up)
Players only, come on

Put your pinky rings up to the moon
Girls, what y'all tryna do?
24-karat magic in the air
Head to toe so player
Look out, uh

Second verse for the hustlers (Hustlers), gangsters (Gangsters)
Bad bitches and your ugly ass friends (Haha)
Can I preach? (Uh-oh) Can I preach? (Uh-oh)
I gotta show 'em how a pimp get it in
First, take your sip (Sip), do your dip (Dip)
Spend your money like money ain't shit
Ooh-ooh (We too fresh)
Got to blame it on Jesus (Hashtag blessed)
They ain't ready for me, uh

I'm a dangerous man with some money in my pocket (Keep up)
So many pretty girls around me and they wakin' up the rocket (Keep up)
Why you mad? Fix your face, ain't my fault they all be jockin' (Keep up)
Players only, come on

Put your pinky rings up to the moon (Woo, hey, girls)
What y'all tryna do? (What you tryna do?)
24-karat magic in the air (Air, air)
Head to toe so player (Ooh)
Look out, uh

(Woo) Everywhere I go, they be like (Ooh, so player)
(Woo) Everywhere I go, they be like (Ooh, so player; ah)
(Woo) Everywhere I go, they be like (Ooh, so player, ooh)
Now, now, now
Now watch me break it down like, ugh
24-karat (Woo), 24-karat magic (What's that sound?)
24-karat, 24-karat magic (Come on now)
24-karat, 24-karat magic
Don't fight the feelin', invite the feelin', just

Put your pinky rings up to the moon (Ooh)
Girls, what y'all tryna do? (Tell me what you're tryna do)
24-karat magic in the air (Yeah, get up)
Head to toe so player (Hands up)
Put your pinky rings up to the moon (24-karat, 24-karat magic)
Girls, what y'all tryna do? (24-karat, 24-karat magic; do)
24-karat magic in the air (24-karat, 24-karat magic)
Head to toe so player (24-karat)
Look out, uh (24-karat magic)"
genius-90551,Locked Out of Heaven,Bruno Mars,happy,en,"(One, two, one, two, three)
Aw, yeah, yeah
Aw, yeah, yeah, yeah, yeah (Uh)
Aw, yeah, yeah
Aw, yeah, yeah, yeah, yeah (Uh)

Never had much faith in love or miracles (Uh)
Never wanna put my heart on the line (Uh)
But swimmin' in your water's somethin' spiritual (Uh)
I'm born again every time you spend the night, —ight (Uh)

'Cause your sex takes me to paradise
Yeah, your sex takes me to paradise
And it shows
Yeah, yeah, yeah

'Cause you make me feel like
I've been locked outta heaven
For too long
For too long
Yeah, you make me feel like
I've been locked outta heaven
For too long
For too long

Aw, yeah, yeah, yeah, yeah (Uh)
Aw, yeah, yeah
Aw, yeah, yeah, yeah, yeah (Uh)

You bring me to my knees, you make me testify (Uh)
You can make a sinner change his ways (Uh)
Open up your gates 'cause I can't wait to see the light (Uh)
And right there is where I wanna stay, —ay (Uh)

'Cause your sex takes me to paradise
Yeah, your sex takes me to paradise
And it shows
Yeah, yeah, yeah

'Cause you make me feel like
I've been locked outta heaven
For too long
For too long
Yeah, you make me feel like
I've been locked outta heaven
For too long
For too long

Oh, woah, woah, woah
Yeah, yeah, yeah
Can I just stay here?
Spend the rest of my days here?
Oh, woah, woah, woah
Yeah, yeah, yeah
Can I just stay here?
Spend the rest of my days here?

'Cause you make me feel like
I've been locked outta heaven
For too long
For too long
Yeah, you make me feel like
I've been locked outta heaven
For too long
For too long

Aw, yeah, yeah, yeah, yeah (Uh)
Aw, yeah, yeah
Aw, yeah, yeah, yeah, yeah (Uh)"
genius-3013669,New Rules,Dua Lipa,happy,en,"One

Talkin' in my sleep at night, makin' myself crazy
(Out of my mind, out of my mind)
Wrote it down and read it out, hopin' it would save me
(Too many times, too many times)

My love
He makes me feel like nobody else, nobody else
But my love
He doesn't love me, so I tell myself, I tell myself

One, don't pick up the phone
You know he's only callin' 'cause he's drunk and alone
Two, don't let him in
You'll have to kick him out again
Three, don't be his friend
You know you're gonna wake up in his bed in the mornin'
And if you're under him, you ain't gettin' over him

I got new rules, I count 'em
I got new rules, I count 'em
I gotta tell them to myself
I got new rules, I count 'em
I gotta tell them to myself

I keep pushin' forwards, but he keeps pullin' me backwards
(Nowhere to turn, no way, nowhere to turn, no)
Now I'm standin' back from it, I finally see the pattern
(I never learn, I never learn)

But my love
He doesn't love me, so I tell myself, I tell myself
I do, I do, I do

One, don't pick up the phone
You know he's only callin' 'cause he's drunk and alone
Two, don't let him in
You'll have to kick him out again
Three, don't be his friend
You know you're gonna wake up in his bed in the mornin'
And if you're under him, you ain't gettin' over him

I got new rules, I count 'em
I got new rules, I count 'em
I gotta tell them to myself
I got new rules, I count 'em
I gotta tell them to myself

Practice makes perfect
I'm still tryna learn it by heart (I got new rules, I count 'em)
Eat, sleep, and breathe it
Rehearse and repeat it 'cause I (I got new, I got new)

One, don't pick up the phone (Yeah)
You know he's only callin' 'cause he's drunk and alone (Alone)
Two, don't let him in (Oh-ooh)
You'll have to kick him out again (Again)
Three, don't be his friend
You know you're gonna wake up in his bed in the mornin'
And if you're under him, you ain't gettin' over him

I got new rules, I count 'em
I got new rules, I count 'em (Woah, oh)
I gotta tell them to myself
I got new rules, I count 'em (Baby, you know I count 'em)
I gotta tell them to myself

Don't let him in, don't let him in
Don't, don't, don't, don't
Don't be his friend, don't be his friend
Don't, don't, don't, don't
Don't let him in, don't let him in
Don't, don't, don't, don't
Don't be his friend, don't be his friend
Don't, don't, don't, don't
You're gettin' over him"
genius-4547279,Don’t Start Now,Dua Lipa,happy,en,"If you don't wanna see me

Did a full one-eighty, crazy
Thinking 'bout the way I was
Did the heartbreak change me? Maybe
But look at where I ended up

I'm all good already
So moved on, it's scary
I'm not where you left me at all, so

If you don't wanna see me dancing with somebody
If you wanna believe that anything could stop me

Don't show up, don't come out
Don't start caring about me now
Walk away, you know how
Don't start caring about me now

Aren't you the guy who tried to
Hurt me with the word ""goodbye""?
Though it took some time to survive you
I'm better on the other side

I'm all good already
So moved on, it's scary
I'm not where you left me at all, so

If you don't wanna see me dancing with somebody
If you wanna believe that anything could stop me
(Don't, don't, don't)

Don't show up, don't come out
Don't start caring about me now
Walk away, you know how
Don't start caring about me now ('Bout me now, 'bout me)

Up, up
Don't come out, out, out
Don't show up, up, up
Don't start now (Oh)
Up, up
Don't come out, out
I'm not where you left me at all, so

If you don't wanna see me dancing with somebody
If you wanna believe that anything could stop me

Don't show up (Don't show up), don't come out (Don't come out)
Don't start caring about me now ('Bout me now)
Walk away (Walk away), you know how (You know how)
Don't start caring about me now (So)

Up, up
Don't come out, out, out
Don't show up, up, up
Walk away, walk away (So)
Up, up
Don't come out, out, out
Don't show up, up, up
Walk away, walk away, oh"
genius-5215007,Levitating,Dua Lipa,happy,en,"If you wanna run away with me, I know a galaxy
And I can take you for a ride
I had a premonition that we fell into a rhythm
Where the music don't stop for life
Glitter in the sky, glitter in my eyes
Shining just the way I like
If you're feeling like you need a little bit of company
You met me at the perfect time

You want me, I want you, baby
My sugarboo, I'm levitating
The Milky Way, we're renegading
Yeah, yeah, yeah, yeah, yeah

I got you, moonlight, you're my starlight
I need you all night, come on, dance with me
I'm levitating
You, moonlight, you're my starlight (You're the moonlight)
I need you all night, come on, dance with me
I'm levitating

I believe that you're for me, I feel it in our energy
I see us written in the stars
We can go wherever, so let's do it now or never
Baby, nothing's ever, ever too far
Glitter in the sky, glitter in our eyes
Shining just the way we are
I feel like we're forever every time we get together
But whatever, let's get lost on Mars

You want me, I want you, baby
My sugarboo, I'm levitating
The Milky Way, we're renegading
Yeah, yeah, yeah, yeah, yeah

I got you, moonlight, you're my starlight
I need you all night, come on, dance with me
I'm levitating
You, moonlight, you're my starlight (You're the moonlight)
I need you all night, come on, dance with me
I'm levitating

You can fly away with me tonight
You can fly away with me tonight
Baby, let me take you for a ride
Yeah, yeah, yeah, yeah, yeah
I'm levitating (Woo)
You can fly away with me tonight
You can fly away with me tonight
Baby, let me take you for a ride
Yeah, yeah, yeah, yeah, yeah (Woo)

My love is like a rocket, watch it blast off
And I'm feeling so electric, dance my ass off
And even if I wanted to, I can't stop
Yeah, yeah, yeah, yeah, yeah
My love is like a rocket, watch it blast off
And I'm feeling so electric, dance my ass off
And even if I wanted to, I can't stop
Yeah, yeah, yeah, yeah, yeah

You want me, I want you, baby
My sugarboo, I'm levitating
The Milky Way, we're renegading

I got you (Yeah), moonlight, you're my starlight
I need you all night (All night), come on, dance with me
I'm levitating (Woo)

You can fly away with me tonight (Tonight)
You can fly away with me tonight
Baby, let me take you for a ride
Yeah, yeah, yeah, yeah, yeah (Take you for a ride)
I'm levitating (Woo)
You can fly away with me tonight (Tonight)
You can fly away with me tonight
Baby, let me take you for a ride
Yeah, yeah, yeah, yeah, yeah (Let me take you for a ride)

I got you, moonlight, you're my starlight (You are my starlight)
I need you all night, come on, dance with me (Come on, dance with me)
I'm levitating
You, moonlight, you're my starlight (You're the moonlight)
I need you all night, come on, dance with me
I'm levitating"
genius-3051942,IDGAF,Dua Lipa,happy,en,"You call me all friendly
Tellin' me how much you miss me
That's funny, I guess you've heard my songs
Well, I'm too busy for your business
Go find a girl who wants to listen
'Cause if you think I was born yesterday, you have got me wrong

So I cut you off
I don't need your love
'Cause I already cried enough
I've been done
I've been movin' on since we said goodbye
I cut you off
I don't need your love
So you can try all you want
Your time is up, I'll tell you why

You say you're sorry, but it's too late now
So save it, get gone, shut up
'Cause if you think I care about you now
Well, boy, I don't give a fuck

I remember that weekend
When my best friend caught you creepin'
You blamed it all on the alcohol
So, I made my decision
'Cause you made your bed, sleep in it
Play the victim and switch your position
I'm through, I'm done

So I cut you off
I don't need your love
'Cause I already cried enough
I've been done
I've been movin' on since we said goodbye
I cut you off
I don't need your love
So you can try all you want
Your time is up, I'll tell you why

You say you're sorry, but it's too late now
So save it, get gone, shut up
'Cause if you think I care about you now
Well, boy, I don't give a fuck

I see you tryna get to me
I see you beggin' on your knees
Boy, I don't give a fuck
So stop tryna get to me
Tch, get up off your knees
'Cause, boy, I don't give a fuck

About you
No, I don't give a damn
You keep reminiscin' on when you were my man
But I'm over you
Now you're all in the past
You talk all that sweet talk, but I ain't comin' back

Cut you off
I don't need your love
So you can try all you want
Your time is up, I'll tell you why
I'll tell you why

You say you're sorry, but it's too late now
So save it, get gone, shut up
(Too late now)
'Cause if you think I care about you now
Well, boy, I don't give a fuck
(Boy, I don't give a)

I see you tryna get to me
I see you beggin' on your knees
Boy, I don't give a fuck
So stop tryna get to me (Get to me)
Tch, get up off your knees
'Cause, boy, I don't give a fuck"
genius-2461299,Blow Your Mind (Mwah),Dua Lipa,happy,en,"I know it's hot
I know we've got
Something that money can't buy
Fighting in fits
Biting your lip
Loving till late in the night

Tell me I'm too crazy
You can't tame me, can't tame me
Tell me I have changed
But I'm the same me, oh, same me
Inside (Hey)

If you don't like the way I talk
Then why am I on your mind?
If you don't like the way I rock
Then finish your glass of wine
We fight and we argue
You'll still love me blind
If we don't fuck this whole thing up
Guaranteed, I can blow your mind, mwah

And tonight, I'm alive, ain't no dollar sign
Guaranteed, I can blow your mind, mwah
And tonight, I'm alive, ain't no dollar sign
Guaranteed, I can blow your mind, mwah
(Mwah, mwah, mwah, mwah)
(Mwah, mwah, mwah, mwah)

Yeah, I'm so bad
Best that you've had
I guess you're diggin' the show
Open the door
You want some more
When you wanna leave, let me know

Tell me I'm too crazy
You can't tame me, can't tame me
Tell me I have changed
But I'm the same me, oh, same me
Inside (Hey)

If you don't like the way I talk
Then why am I on your mind?
If you don't like the way I rock
Then finish your glass of wine
We fight and we argue
You'll still love me blind
If we don't fuck this whole thing up
Guaranteed, I can blow your mind, mwah

And tonight, I'm alive, ain't no dollar sign
Guaranteed, I can blow your mind, mwah
And tonight, I'm alive, ain't no dollar sign
Guaranteed, I can blow your mind, mwah

And tonight, I'm alive, ain't no dollar sign
Guaranteed, I can blow your mind, mwah (Hey)
And tonight, I'm alive, ain't no dollar sign
Guaranteed, I can blow your mind (Hey)

Tell me I'm too crazy
You can't tame me, can't tame me
Tell me I have changed
But I'm the same me, oh, same me
Inside
Hey
Mwah

If you don't like the way I talk
Then why am I on your mind?
If you don't like the way I rock
Then finish your glass of wine
We fight and we argue
You'll still love me blind
If we don't fuck this whole thing up
Guaranteed, I can blow your mind, mwah

And tonight, I'm alive, ain't no dollar sign
Guaranteed, I can blow your mind, mwah
And tonight, I'm alive, ain't no dollar sign
Guaranteed, I can blow your mind, mwah"
genius-5122410,Break My Heart,Dua Lipa,happy,en,"I've always been the one to say the first goodbye
Had to love and lose a hundred million times
Had to get it wrong to know just what I like
Now I'm falling
You say my name like I have never heard before
I'm indecisive, but, this time, I know for sure
I hope I'm not the only one that feels it all
Are you falling?

Centre of attention
You know you can get whatever you want from me
Whenever you want it, baby
It's you in my reflection
I'm afraid of all the things it could do to me
If I would've known it, baby

I would've stayed at home
'Cause I was doing better alone
But when you said, ""Hello""
I knew that was the end of it all
I should've stayed at home
'Cause now there ain't no letting you go
Am I falling in love with the one that could break my heart?
Oh no, I was doing better alone
But when you said, ""Hello""
I knew that was the end of it all
I should've stayed at home
'Cause now there ain't no letting you go
Am I falling in love with the one that could break my heart?

I wonder, when you go, if I stay on your mind
Two can play that game, but you win me every time
Everyone before you was a waste of time
Yeah, you got me

Centre of attention
You know you can get whatever you want from me
Whenever you want it, baby
It's you in my reflection
I'm afraid of all the things it could do to me
If I would've known it, baby

I would've stayed at home
'Cause I was doing better alone
But when you said, ""Hello""
I knew that was the end of it all
I should've stayed at home (I would've stayed at home 'cause I–)
'Cause now there ain't no letting you go
Am I falling in love with the one that could break my heart?
Oh no, I was doing better alone
But when you said, ""Hello""
I knew that was the end of it all
I should've stayed at home
'Cause now there ain't no letting you go
Am I falling in love with the one that could break my heart?

Ooh, break my heart
Ooh, break my heart
Ooh
Am I falling in love with the one that could break my heart?

I would've stayed at home
'Cause I was doing better alone
But when you said, ""Hello""
I knew that was the end of it all
I should've stayed at home (I would've stayed at home 'cause I–)
'Cause now there ain't no letting you go
Am I falling in love with the one that could break my heart?
Oh no (Oh no), I was doing better alone
But when you said, ""Hello""
I knew that was the end of it all
I should've stayed at home
'Cause now there ain't no letting you go
Am I falling in love with the one that could break my heart?"
genius-3932739,Kiss and Make Up,Dua Lipa,happy,en,"Kiss and make, kiss, kiss and make up
Kiss and make, kiss, kiss and make up
Kiss and make, kiss, kiss and make up
Kiss and make, kiss, kiss and make up

We haven't talked all morning
Bang my head, bang my head against the wall
I'm scared, I'm falling
Losing all, losing all my control
And I'm tired of talking
Feel myself saying the same old things
But this love's important
Don't wanna lose, don't wanna lose you this way

I, I, I, I, I, I, I, I, I, I
Feel like we about to break up
I, I, I, I, I, I, I, I, I, I
Just wanna kiss and make up one last time

Touch me like you touch nobody
Put your hands all up on me
Tired of hearing sorry
Kiss and make, kiss, kiss and make up
How about we leave this party?
'Cause all I want is you up on me
Tired of hearing sorry
Kiss and make, kiss, kiss and make up
Kiss, kiss and make up
Kiss and make, kiss, kiss and make up
Kiss, kiss and make up
Kiss and make, kiss, kiss and make up

[Verse 2: Jennie, 
Jisoo
]
아직 너를 못 떠나고
뭘 하고 있는 건지
언젠가는 다 끝날 걸
떠날 걸 알지만
고장 난 우릴
다시 고쳐 볼 수는 없을지
아무런 말도 넌 하지 마
마지막은 없어

I, I, I, I, I, I, I, I, I, I
Feel like we about to break up
I, I, I, I, I, I, I, I, I, I
Just wanna kiss and make up one last time

Touch me like you touch nobody
Put your hands all up on me
Tired of hearing sorry
Kiss and make, kiss, kiss and make up
How about we leave this party?
'Cause all I want is you up on me
Tired of hearing sorry
Kiss and make, kiss, kiss and make up
Kiss, kiss and make up
Kiss and make, kiss, kiss and make up
Kiss, kiss and make up
Kiss and make, kiss, kiss and make up

그게 뭐가 되었건 다 필요 없어, 너면 됐어
So tell me, can we work this whole thing out?
Work this whole thing out
날 첨 만났던, 설레던 순간 그때처럼
So tell me, can we work this whole thing out?
Work this whole thing out
Kiss, kiss and make up

Touch me like you touch nobody
Put your hands all up on me
Tired of hearing sorry
Kiss and make, kiss, kiss and make up
How about we leave this party?
'Cause all I want is you up on me
Tired of hearing sorry
Kiss and make, kiss, kiss and make up
Kiss, kiss and make up
Kiss and make, kiss, kiss and make up
Kiss, kiss and make up
Kiss and make, kiss, kiss and make up

Kiss, kiss and make up
Kiss and make, kiss, kiss and make up
Kiss, kiss and make up
Kiss and make, kiss, kiss and make up"
genius-2342780,Be the One,Dua Lipa,happy,en,"I see the moon, I see the moon, I see the moon
Oh, when you're looking at the sun
You're not a fool, I'm not a fool, not a fool
No, you're not fooling anyone

Oh, but when you're gone, when you're gone, when you're gone
Oh, baby, all the lights go out
Thinking now that maybe I was wrong, I was wrong, I was wrong
Come back to me, baby, we can work this out

Oh, baby, come on, let me get to know you
Just another chance so that I can show
That I won't let you down and run
No, I won't let you down and run
'Cause I could be the one
I could be the one

I could be the one
I could be the one

I see in blue, I see in blue, I see in blue
Oh, when you see everything in red
There is nothing that I wouldn't do for you, do for you, do for you
Oh, 'cause you got inside my head

Oh, but when you're gone, when you're gone, when you're gone
Oh, baby, all the lights go out
Thinking now that maybe I was wrong, I was wrong, I was wrong
Come back to me, baby, we can work this out

Oh, baby, come on, let me get to know you
Just another chance so that I can show
That I won't let you down and run
No, I won't let you down and run
'Cause I could be the one
I could be the one

I could be the one
Be the one, be the one, be the one
Be the one, be the one, be the one
I could be the one
Be the one, be the one, be the one
Be the one, be the one, be the one
I could be the one
Be the one, be the one, be the one
Be the one, be the one, be the one
I could be the one
Be the one, be the one, be the one
Be the one, be the one, be the one
Will you be mine?

Oh, baby, come on, let me get to know you
Just another chance so that I can show
That I won't let you down and run
No, I won't let you down and run
'Cause I could be the one
I could be the one

I could be the one"
genius-4569,Killing in the Name,Rage Against the Machine,angry,en,"(Killing in the name of)

Some of those that work forces
Are the same that burn crosses
Some of those that work forces
Are the same that burn crosses
Some of those that work forces
Are the same that burn crosses
Some of those that work forces
Are the same that burn crosses, ugh

Killing in the name of
Killing in the name of

And now you do what they told ya
And now you do what they told ya
And now you do what they told ya
And now you do what they told ya
And now you do what they told ya
And now you do what they told ya
And now you do what they told ya
And now you do what they told ya
And now you do what they told ya
And now you do what they told ya
But now you do what they told ya
Well, now you do what they told ya

Those who died are justified
For wearin' the badge, they're the chosen whites
You justify those that died
By wearin' the badge, they're the chosen whites
Those who died are justified
For wearin' the badge, they're the chosen whites
You justify those that died
By wearin' the badge, they're the chosen whites

Some of those that work forces
Are the same that burn crosses
Some of those that work forces
Are the same that burn crosses
Some of those that work forces
Are the same that burn crosses
Some of those that work forces
Are the same that burn crosses, ugh

Killing in the name of
Killing in the name of

And now you do what they told ya
And now you do what they told ya
And now you do what they told ya
And now you do what they told ya
And now you do what they told ya (Now you're under control)
And now you do what they told ya (And now you're under control)
And now you do what they told ya (And now you're under control)
And now you do what they told ya (Now you're under control)
And now you do what they told ya (Now you're under control)
And now you do what they told ya (Now you're under control)
And now you do what they told ya (Now you're under control)
And now you do what they told ya

Those who died are justified
For wearin' the badge, they're the chosen whites
You justify those that died
By wearin' the badge, they're the chosen whites
Those who died are justified
For wearin' the badge, they're the chosen whites
You justify those that died
By wearin' the badge, they're the chosen whites, come on

Ugh
Yeah
Come on
Ugh

Fuck you, I won't do what you tell me
Fuck you, I won't do what you tell me
Fuck you, I won't do what you tell me
Fuck you, I won't do what you tell me
Fuck you, I won't do what you tell me
Fuck you, I won't do what you tell me
Fuck you, I won't do what you tell me
Fuck you, I won't do what you tell me
Fuck you, I won't do what you tell me
Fuck you, I won't do what you tell me
Fuck you, I won't do what you tell me
Fuck you, I won't do what you tell me
Fuck you, I won't do what you tell me
Fuck you, I won't do what you tell me
Fuck you, I won't do what you tell me
Fuck you, I won't do what you tell me
Motherfucker, ugh"
genius-39690,Bulls on Parade,Rage Against the Machine,angry,en,"Come wit' it now
Come wit' it now

The microphone explodes, shattering the mold
Either drop the hits like de la O or get the fuck off the commode
With the sure shot, sure to make the bodies drop
Drop and don't copy, yo, don't call this a co-op
Terror rains drenchin'
Quenchin' the thirst of the power dons
That five-sided Fistagon
The rotten sore on the face of Mother Earth gets bigger
The trigger’s cold, empty your purse

Rally 'round the family
With a pocket full of shells
They rally 'round the family
With a pocket full of shells
They rally 'round the family
With a pocket full of shells
They rally 'round the family
With a pocket full of shells

Weapons, not food, not homes, not shoes
Not need, just feed the war, cannibal animal, I
Walk the corner to the rubble
That used to be a library, line up to the mind cemetery now
What we don't know keeps the contracts alive and movin'
They don't gotta burn the books, they just remove 'em
While arms warehouses fill as quick as the cells
Rally 'round the family, pockets full of shells

Rally 'round the family
With a pocket full of shells
They rally 'round the family
With a pocket full of shells
They rally 'round the family
With a pocket full of shells
They rally 'round the family
With a pocket full of shells

Bulls on parade, uh

Come wit' it now
Come wit' it now
Bulls on parade
Bulls on parade
Bulls on parade
Bulls on parade
Bulls on parade
Bulls on parade"
genius-39705,Know Your Enemy,Rage Against the Machine,angry,en,"Huh
Yeah, we're comin' back in with another bombtrack
Think ya know it's all of that, huh
Ayo, so check this out, yeah

Know your enemy
Come on

Born with insight and a raised fist
A witness to the slit wrist
As we move into '92
Still in a room without a view
Ya got to know, ya got to know
That when I say ""go, go, go!""
Amp up and amplify, defy
I'm a brother with a furious mind
Action must be taken
We don't need the key, we'll break in
Something must be done
About vengeance, a badge, and a gun
'Cause I'll rip the mic, rip the stage, rip the system
I was born to rage against 'em
Fist in ya face in the place and I'll drop the style clearly
Know your enemy

Know your enemy
Yeah
Ayo, get with this, uh

Word is born
Fight the war, fuck the norm
Now I got no patience
So sick of complacence
With the D, the E, the F, the I, the A, the N, the C, the E
Mind of a revolutionary, so clear the lane
The finger to the land of the chains
What? The ""land of the free""?
Whoever told you that is your enemy
Now something must be done
About vengeance, a badge, and a gun
'Cause I'll rip the mic, rip the stage, rip the system
I was born to rage against 'em
Now action must be taken
We don't need the key, we'll break in

I've got no patience now
So sick of complacence now
I've got no patience now
So sick of complacence now
Sick of, sick of, sick of, sick of you
Time has come to pay

Know your enemy

Come on
Yes, I know my enemies
They're the teachers who taught me to fight me
Compromise, conformity
Assimilation, submission
Ignorance, hypocrisy
Brutality, the elite
All of which are American dreams
All of which are American dreams
All of which are American dreams
All of which are American dreams
All of which are American dreams
All of which are American dreams
All of which are American dreams
All of which are American dreams"
genius-39712,Wake Up,Rage Against the Machine,angry,en,"Come on
Uh
Come on

Although ya try to discredit, ya still never read it
The needle, I'll thread it, radically poetic
Standin' with the fury that they had in '66
And like E-Double ""I'm Mad"", still knee deep in the system's shit
Hoover, he was a body remover
I'll give you a dose but it can never come close
To the rage built up inside of me
Fist in the air in the land of hypocrisy
Movements come and movements go
Leaders speak, movements cease when their heads are flown
'Cause all these punks got bullets in their heads
Departments of police, (What!) the judges (What!), the feds
Networks at work, keeping people calm
You know they went after King when he spoke out on Vietnam
He turned the power to the have-nots
And then came the shot

Yeah
Yeah, back in this

With poetry my mind I flex
""Flip"" like Wilson, vocals never lackin' that finesse
What do I got to, what do I got to do to wake you up?
To shake you up, to break the structure up?
'Cause blood still flows in the gutter
I'm like taking photos, mad boy kicks open the shutter
Set the groove, then stick and move like I was Cassius
Rep the ""Stutter Step"" then bomb a left upon the fascists
Yeah, several federal men
Who pulled schemes on the dream and put it to an end
You better beware the retribution with mind war
20/20 visions and murals with metaphors
Networks at work, keepin' people calm
Ya know they murdered X and tried to blame it on Islam
He turned the power to the have-nots
And then came the shot

Uh!
What was the price on his head?
What was the price on his head!?
I think I heard a shot
I think I heard a shot
I think I heard a shot
I think I heard a shot
I think I heard a shot
I think I heard, I think I heard a shot

Black Nationalism
 may be a brave contender for this position
But should he abandon his supposed 'obedience'
To the 'White liberal doctrine' of non-violence
And embrace Black Nationalism
Through counter-intelligence, it should be possible
To pinpoint potential troublemakers and neutralize them
Through counter-intelligence, it should be possible
To pinpoint potential troublemakers and neutralize them
And neutralize them, and neutralize them
And neutralize them, and neutralize them
And neutralize them

Wake up!
Wake up!
Wake up!
Wake up!
Wake up!
Wake up!
Wake up!
Wake up!

Yeah!

How long? Not long!
'Cause what you reap is what you sow"
genius-39689,Sleep Now in the Fire,Rage Against the Machine,angry,en,"Yeah!

The world is my expense, the cost of my desire
Jesus blessed me with its future, and I protect it with fire
So raise your fists and march around, just don't take what you need
I'll jail and bury those committed and smother the rest in greed
Crawl with me into tomorrow or I'll drag you to your grave
I'm deep inside your children, they'll betray you in my name

Hey! Hey!
We'll sleep now in the fire!
Hey! Hey!
Sleep now in the fire!

The lie is my expense, the scope of my desire
The party blessed me with its future, and I protect it with fire
I am the Niña, the Pinta, the Santa Maria
The noose and the rapist, the fields' overseer
The Agents of Orange, The priests of Hiroshima
The cost of my desire, sleep now in the fire!

Hey! Hey!
We'll sleep now in the fire!
Hey! Hey!
Sleep now in the fire!

For it's the end of history, it's caged and frozen still
There is no other pill to take, so swallow the one that makes you ill
The Niña, the Pinta, the Santa Maria
The noose and the rapist, the fields' overseer
The Agents of Orange, the priests of Hiroshima
The cost of my desire, to sleep now in the fire!
Yeah!

Sleep now in the fire!
Sleep now in the fire!
Sleep now in the fire!
Sleep now in the fire!"
genius-39681,Guerrilla Radio,Rage Against the Machine,angry,en,"Transmission, third World War, third round
A decade of the weapon of sound above ground
No shelter if you're looking for shade
I lick shots at the brutal charade
As the polls close like a casket
On truth devoured, silent play on the shadow of power
A spectacle, monopolized
The camera's eyes on choice disguised
Was it cast for the mass who burn and toil?
Or for the vultures who thirst for blood and oil?
Yes, a spectacle, monopolized
They hold the reins, stole your eyes
All the Fistagons, the bullets and bombs
Who stuff the banks, who staff the party ranks
More for Gore or the son of a drug lord
None of the above; fuck it, cut the cord!

Lights out, Guerrilla Radio!
Turn that shit up!
Lights out, Guerrilla Radio!
Turn that shit up!
Lights out, Guerrilla Radio!
Turn that shit up!
Lights out, Guerrilla Radio!

Contact, I hijacked the frequencies
Blockin' the beltway, move on DC
Way past the days of bombin' MCs
Sound off, Mumia, guan, be free
Who got 'em? Yo, check the federal file
All you pen devils know the trial was vile
Army of pigs try to silence my style
Off 'em all out the box, it's my radio dial

Lights out, Guerrilla Radio!
Turn that shit up!
Lights out, Guerrilla Radio!
Turn that shit up!
Lights out, Guerrilla Radio!
Turn that shit up!
Lights out, Guerrilla Radio!
Turn that shit up!

It has to start somewhere
It has to start sometime
What better place than here?
What better time than now?

All hell
Can't stop us now!
All hell
Can't stop us now!
All hell
Can't stop us now!
All hell
Can't stop us now!
All hell
Can't stop us now!
All hell
Can't stop us now!"
genius-39700,Bullet in the Head,Rage Against the Machine,angry,en,"This time the bullet cold rocked ya
A yellow ribbon instead of a swastika
Nothin' proper about ya propaganda
Fools follow rules when the set commands ya
Said it was blue, when ya blood was red
That's how ya got a bullet blasted through ya head
Blasted through ya head, blasted through ya head
I give a shoutout to the living dead
Who stood and watched as the feds cold centralized
So serene on the screen, you was mesmerized
Cellular phones, soundin' a death tone
Corporations cold turn ya to stone before ya realize
They load the clip in, omnicolor
Said they pack the .9, they fire it at prime time
The sleeping gas, every home was like Alcatraz
And mothafuckas lost their minds

Just victims of the in-house drive-by
They say ""jump"", you say ""how high?"" (Yeah)
Just victims of the in-house drive-by
They say ""jump"", you say ""how high?""
Run it

Just victims of the in-house drive-by
They say ""jump"", you say ""how high?"" Yeah
Just victims of the in-house drive-by
They say ""jump"", you say ""how high?""

Checka, checka, check it out
They load the clip in, omnicolor
Said they pack the .9, they fire it at prime time
The sleeping gas, every home was like Alcatraz
And mothafuckas lost their minds
No escape from the mass mind rape
Play it again, Jack, and then rewind the tape
And then play it again, and again, and again
Until ya mind is locked in
Believin' all the lies that they're tellin' ya
Buyin' all the products that they're sellin' ya
They say ""jump"", and ya say ""how high?""
Ya braindead, ya got a fuckin' bullet in ya head

Just victims of the in-house drive-by
They say ""jump"", you say ""how high?"" Yeah
Just victims of the in-house drive-by
They say ""jump"", you say ""how high?""

Uh
Yeah
Yeah
Fuck

Ya standin' in line
Believin' the lies
Ya bowin' down to the flag
Ya got a bullet in ya head
Ya standin' in line
Believin' the lies
Ya bowin' down to the flag
Ya got a bullet in ya head

A bullet in ya head
A bullet in ya head
A bullet in ya head
A bullet in ya head
A bullet in ya head
A bullet in ya head
A bullet in ya head
A bullet in ya head
A bullet in the head
A bullet in ya head
A bullet in ya head
A bullet in ya head
A bullet in ya head
A bullet in ya head
A bullet in ya head
A bullet in ya head
Ya got a bullet in ya fuckin' head
Yeah! Yeah!"
genius-39711,Take the Power Back,Rage Against the Machine,angry,en,"(Crank the music up)
Bring that shit in, uh!
Yeah, the movement's in motion with massive militant poetry
Now check this out, uh!

In the right light, study becomes insight
But the system that dissed us, teaches us to read and write
So-called facts are fraud
They want us to allege and pledge and bow down to their god
Lost the culture, the culture lost
Spun our minds and through time, ignorance has taken over
Yo, we gotta take the power back
Bam, here's the plan
Motherfuck Uncle Sam, step back, I know who I am
Raise up your ear, I'll drop the style and clear
It's the beats and the lyrics they fear
The rage is relentless
We need a movement with a quickness
You are the witness of change and to counteract
We gotta take the power back

Yeah, we gotta take the power back
Come on, come on!
Yeah, we gotta take the power back

The present curriculum, I put my fist in 'em
Eurocentric, every last one of 'em
See right through the red, white, and blue disguise
With lecture I puncture the structure of lies
Installed in our minds and attempting to hold us back
We've got to take it back
Holes in our spirit causing tears and fears
One-sided stories for years and years and years
I'm inferior? Who's inferior?
Yeah, we need to check the interior
Of the system who cares about only one culture
And that, is why we gotta take the power back

Yeah, we gotta take the power back
Come on, come on!
Yeah, we gotta take the power back

Ayo check, we're gonna have to break it
Break it, break it down
Aw shit

Uh!
And like this
Uh! Come on
Yeah, bring it back the other way
Uh!

The teacher stands in front of the class
But the lesson plan he can't recall
The student's eyes don't perceive the lies
Bouncing off every fucking wall
His composure is well kept
I guess he fears playing the fool
The complacent students sit
And listen to that bullshit that he'd learned in school
Europe ain't my rope to swing on
Can't learn a thing from it, yet we hang from it
(Gotta get it, gotta get it together then
Like the motherfuckin' weathermen)
Expose and close the doors on those who try
To strangle and mangle the truth
'Cause the circle of hatred continues unless we react
We gotta take the power back

Yeah, we gotta take the power back
Come on, come on!
Yeah, we gotta take the power back

No more lies
No more lies
No more lies
No more lies
No more lies
No more lies
No more lies
No more lies
Uh!
Yeah!

Take it back, y'all
Take it back, a-take it back, a-take it back, y'all
Come on, take it back, y'all
Take it back, a-take it back, a-take it back, y'all
Come on, uh!
Yeah!"
genius-73687,Snuff,Slipknot,angry,en,"Bury all your secrets in my skin
Come away with innocence and leave me with my sins
The air around me still feels like a cage
And love is just a camouflage for what resembles rage again

So if you love me, let me go
And run away before I know
My heart is just too dark to care
I can't destroy what isn't there
Deliver me into my fate
If I'm alone, I cannot hate
I don't deserve to have you
Ooh, my smile was taken long ago
If I can change, I hope I never know

I still press your letters to my lips
And cherish them in parts of me that savor every kiss
I couldn't face a life without your light (Without your light)
But all of that was ripped apart when you refused to fight

So save your breath, I will not care
I think I made it very clear
You couldn't hate enough to love
Is that supposed to be enough?
I only wish you weren't my friend
Then I could hurt you in the end
I never claimed to be a saint
Ooh, my love was banished long ago
It took the death of hope to let you go

Oh, oh

So break yourself against my stones
And spit your pity in my soul
You never needed any help
You sold me out to save yourself
And I won't listen to your shame
You ran away, you're all the same
Angels lie to keep control
Ooh, my love was punished long ago
If you still care, don't ever let me know
If you still care, don't ever let me know"
genius-295819,Psychosocial,Slipknot,angry,en,"Ooh, yeah

I did my time, and I want out
So effusive, fade, it doesn't cut, the soul is not so vibrant
The reckoning, the sickening
Packaging subversion, pseudo-sacrosanct perversion
Go drill your deserts, go dig your graves
Then fill your mouth with all the money you will save
Sinking in, getting smaller again
I'm done, it has begun, I'm not the only one

And the rain will kill us all
We throw ourselves against the wall
But no one else can see
The preservation of the martyr in me

Psychosocial, psychosocial, psychosocial
Psychosocial, psychosocial, psychosocial

There are cracks in the road we laid
But where the temple fell, the secrets have gone mad
This is nothing new, but when we killed it all
The hate was all we had
Who needs another mess? We could start over
Just look me in the eyes and say I'm wrong
Now there's only emptiness, venomous, insipid
I think we're done, I'm not the only one

And the rain will kill us all
We throw ourselves against the wall
But no one else can see
The preservation of the martyr in me

Psychosocial, psychosocial, psychosocial
Psychosocial, psychosocial, psychosocial

The limits of the dead
The limits of the dead
The limits of the dead
The limits of the dead

Fake anti-fascist lie (
Psychosocial
)
I tried to tell you, but (
Psychosocial
)
Your purple hearts are giving out (
Psychosocial
)
Can't stop a killing idea (
Psychosocial
)
If it's hunting season (
Psychosocial
)
Is this what you want? (
Psychosocial
)
I'm not the only one

And the rain will kill us all
We throw ourselves against the wall
But no one else can see
The preservation of the martyr in me
And the rain will kill us all
We throw ourselves against the wall
But no one else can see
The preservation of the martyr in me

The limits of the dead
The limits of the dead"
genius-186578,Duality,Slipknot,angry,en,"I push my fingers into my eyes
It's the only thing that slowly stops the ache
But it's made of all the things I have to take
Jesus, it never ends, it works its way inside
If the pain goes on, ah

I have screamed until my veins collapsed
I've waited as my time's elapsed
Now all I do is live with so much fate
I've wished for this, I've bitched at that
I've left behind this little fact
You cannot kill what you did not create
I've gotta say what I've gotta say
And then I swear I'll go away
But I can't promise you'll enjoy the noise
I guess I'll save the best for last
My future seems like one big past
You're left with me 'cause you left me no choice

I push my fingers into my eyes
It's the only thing that slowly stops the ache
If the pain goes on, I'm not gonna make it

Put me back together or separate the skin from bone
Leave me all the pieces, then you can leave me alone
Tell me the reality is better than the dream
But I found out the hard way, nothing is what it seems

I push my fingers into my eyes
It's the only thing that slowly stops the ache
But it's made of all the things I have to take
Jesus, it never ends, it works its way inside
If the pain goes on, I'm not gonna make it

All I've got, all I've got is insane
All I've got, all I've got is insane
All I've got, all I've got is insane
All I've got, all I've got is insane
All I've got, all I've got is insane
All I've got, all I've got is insane

I push my fingers into my eyes
It's the only thing that slowly stops the ache
But it's made of all the things I have to take
Jesus, it never ends, it works its way inside
If the pain goes on, I'm not gonna make it

All I've got, all I've got is insane
All I've got, all I've got is insane
All I've got, all I've got is insane
All I've got, all I've got is insane"
genius-73689,(sic),Slipknot,angry,en,"Pain
Here comes the pain

Enemy, show me what you wanna be
I can handle anything, even if I can't handle you
Readily, either way, it better be
Don't you fuckin' pity me, get up, get off

What the hell am I sayin'?
I don't know about malevolent
Sure as hell decadent
I want somebody to step up, step off
Walls, let me fall, fuck you all
Get a grip, don't let me slip 'til I drop the ball

Fuck this shit, I'm sick of it
You're goin' down, this is a war
Fuck it

Who the fuck am I to criticize your twisted state of mind?
You're leavin' me suspect, I'm leavin' you grotesque
Feels like a burn from which you never learn
Cause and effect, you jealous ass
Press your face against the glass, suffer

Fuck this shit, I'm sick of it
You're goin' down, this is a war
Go

I've just begun
It's about that time, gotta get mine
I've just begun
It's about that time, gotta get mine
I've just begun
It's about that time, gotta get mine
I've just begun
It's about that time, gotta get mine
(Yeah)
You can't kill me 'cause I'm already inside you
You can't kill me 'cause I'm already inside you
You can't kill me 'cause I'm already inside you
You can't kill me 'cause I'm already inside you

Sic, sic
Sic, sic
Ha-ha-ha-ha, ha-ha-ha-ha
Yeah, hahaha, yeah"
genius-73691,Wait and Bleed,Slipknot,angry,en,"I've felt the hate rise up in me
Kneel down and clear the stone of leaves
I wander out where you can't see
Inside my shell, I wait and bleed

I've felt the hate rise up in me
Kneel down and clear the stone of leaves
I wander out where you can't see
Inside my shell, I wait and bleed

Goodbye
I wipe it off on tile, the light is brighter this time
Everything is 3D blasphemy
My eyes are red and gold, the hair is standing straight up
This is not the way I pictured me
I can't control my shakes, how the hell did I get here?
Something about this, so very wrong
I have to laugh out loud, I wish I didn't like this
Is it a dream or a memory?

I've felt the hate rise up in me
Kneel down and clear the stone of leaves
I wander out where you can't see
Inside my shell, I wait and bleed

Get outta my head, 'cause I don't need this
Why didn't I see this?
But I'm a victim, Manchurian candidate
I have sinned by just
Makin' my mind up and takin' your breath away

I've felt the hate rise up in me
Kneel down and clear the stone of leaves
I wander out where you can't see
Inside my shell, I wait and bleed
I've felt the hate rise up in me
Kneel down and clear the stone of leaves
I wander out where you can't see
Inside my shell, I wait and bleed

Goodbye
You haven't learned a thing
I haven't changed a thing
The flesh was in my bones
The pain was always free
You haven't learned a thing
I haven't changed a thing
The flesh was in my bones
The pain was always free

I've felt the hate rise up in me
Kneel down and clear the stone of leaves
I wander out where you can't see
Inside my shell, I wait and bleed
I've felt the hate rise up in me
Kneel down and clear the stone of leaves
I wander out where you can't see
Inside my shell, I wait and bleed

And it waits for you"
genius-4558411,Unsainted,Slipknot,angry,en,"Oh, I'll never kill myself to save my soul
I was gone, but how was I to know?
I didn't come this far to sink so low
I'm finally holding on to letting go
(
I'll never kill myself to save my soul
)
I'm finally holding on to letting go
(
I didn't come this far to sink so low
)
I'm finally holding on to letting go

I'm just weathering a rough patch
Another villain with an itch to scratch
Denial is the darkest when you live in a hole
Why does the hell make you feel so cold?
Make a move and you pay for it
Pick a lord and you pray to it
You're so demanding when you want the truth
But your stories don't read for me

Oh, I'll never kill myself to save my soul
I was gone, but how was I to know?
I didn't come this far to sink so low
I'm finally holding on to letting go

Indecision overload
Keep a buckle on the devil and your eyes on the road
Reaching out for the hand of God
But did you think you'd shake your own?
This killing field is all grown over
The motherfucker wants it wild
Go sow your oats in alphabetical order
The anti-antagonist is back in style
(Myopic) Cannot see straight
(Dystopic) One sin too late
You gotta lie if you wanna believe
But your bibles don't work on me

Oh, I'll never kill myself to save my soul
I was gone, but how was I to know?
I didn't come this far to sink so low
I'm finally holding on to letting
Go

Did you think you could win? And fill me in?
Did you think you could do it again? I'm not your sin
I was all that you wanted and more, but you didn't want me
I was more than you thought I could be
So I'm setting you free, I'm setting you free
You've killed the saint in me
How dare you martyr me
You've killed the saint in me

Oh, I'll never kill myself to save my soul
I was gone, but how was I to know?
I didn't come this far to sink so low
I'm finally holding on to letting go

You've killed the saint in me
How dare you martyr me?
You've killed the saint in me
How dare you martyr me?"
genius-504693,The Devil in I,Slipknot,angry,en,"Undo these chains, my friend
I'll show you the rage I've hidden
Perish the sacrament
Swallow, but nothing's forgiven

You and I can't decide
Which of us was taken for granted
Make amends
Some of us are destined to be outlived

Step inside, see the Devil in I
Too many times we've let it come to this
Step inside, see the Devil in I
You'll realize I'm not your Devil anymore

Under the words of men
Something is tempting the father
Where is your will, my friend?
Insatiates never even bother

You and I, wrong or right
Traded a lie for the leverage
In between the lens in light
You're not what you seem

Step inside, see the Devil in I
Too many times we've let it come to this
Step inside, see the Devil in I
You'll realize I'm not your Devil

I'm not your Devil anymore
Your station is abandoned
Fooled you 'cause I know what you've done
Sensation, depravation
You should've burned when you turned on everyone

So, step inside, see the Devil in I
Too many times we've let it come to this
Step inside, see the Devil in I
I know you'll find your answers in the end
Step inside, see the Devil in I
You'll realize I'm not your Devil anymore

So, step inside
Step inside
See the Devil in I
See the Devil in I, hahaha"
genius-73690,Eyeless,Slipknot,angry,en,"Yeah

Insane, am I the only motherfucker with a brain?
I'm hearing voices, but all they do is complain
How many times have you wanted to kill
Everything and everyone? Say you'll do it but never will

You can't see California without Marlon Brando's eyes
Can't see California without Marlon Brando's eyes
You can't see California without Marlon Brando's eyes

I am my father's son
'Cause he's a phantom, a mystery, and that leaves me nothing
How many times have you wanted to die?
It's too late for me, all you have to do is get rid of me

You can't see California without Marlon Brando's eyes
Can't see California without Marlon Brando's eyes
You can't see California without Marlon Brando's eyes

It's all in your head
It's all in my head
It's all in your head
Yeah

I tried, you lied to me for so long
Everywhere I go, there's a sense of it
Freak on my antics and give me a choice
Doesn't matter if I give a shit, it's shit that you gave me

You can't see California without Marlon Brando's eyes
Can't see California without Marlon Brando's eyes
You can't see California without Marlon Brando's eyes

It's all in your head
It's all in my head
It's all in your head
Yeah

Do you wanna feel pain? Takin' my name in vain
Caring never felt so lame inside
Anybody else got pride? Do you wanna take my life?
Maybe I'll reverse my ride
Who the fuck are you? Fuck you
Better suck it up 'cause you bled through
Better get away from me
Stay the fuck away from me

I feel safe, seems you're saved
I feel safe (Safe), seems you're saved
Look me in my brand new eye
Look me in my brand new eye
Look me in my brand new eye
Motherfucker
Look me in my brand new eye
Look me in my brand new eye
Look me in my brand new eye
Look me in my brand new"
genius-88430,Chop Suey!,System of a Down,angry,en,"We're rolling ""Suicide""

Wake up (Wake up)
Grab a brush and put a little makeup
Hide your scars to fade away the shakeup (Hide the scars to fade away the shakeup)
Why'd you leave the keys upon the table?
Here you go, create another fable, you wanted to
Grab a brush and put a little makeup, you wanted to
Hide the scars to fade away the shakeup, you wanted to
Why'd you leave the keys upon the table? You wanted to

I don't think you 
trust
In my self-righteous suicide
I cry when angels deserve to
 die

Rah, wake up (Wake up)
Grab a brush and put a little makeup (A little bit)
Hide the scars to fade away the (Hide the scars to fade away the shakeup)
Why'd you leave the keys upon the table?
Here you go, create another fable, you wanted to
Grab a brush and put a little makeup, you wanted to
Hide the scars to fade away the shakeup, you wanted to
Why'd you leave the keys upon the table? You wanted to

I don't think you 
trust
In my self-righteous suicide
I cry when angels deserve to die
In my self-righteous suicide
I cry
 when angels deserve to die

[Bridge: Serj Tankian & 
Daron Malakian
]
Father, 
father
, father, 
father
Father, 
father
, father, 
father
Father, into your hands I commend my spirit
Father, into your hands
Why have you forsaken me?
In your eyes, forsaken me?
In your thoughts, forsaken me?
In your heart, forsaken me? Oh

Trust
In my self-righteous suicide
I cry when angels deserve to die
In my self-righteous suicide
I cry when angels deserve to die"
genius-80268,Toxicity,System of a Down,angry,en,"Conversion, software version 7.0
Looking at life through the eyes of a tire hub

Eating seeds as a pastime activity
The toxicity of our city, of our city

New, what do you own, the world?
How do you own disorder, disorder?
Now, somewhere between the sacred silence
Sacred silence and sleep
Somewhere between the sacred silence and sleep
Disorder, disorder, disorder

More wood for their fires, loud neighbors
Flashlight reveries caught in the headlights of a truck

Eating seeds as a pastime activity
The toxicity of our city, of our city

New, what do you own, the world?
How do you own disorder, disorder?
Now, somewhere between the sacred silence
Sacred silence and sleep
Somewhere between the sacred silence and sleep
Disorder, disorder, disorder

New, what do you own, the world?
How do you own disorder?
Now, somewhere between the sacred silence
Sacred silence and sleep
Somewhere between the sacred silence and sleep
Disorder, disorder, disorder

When I became the sun, I shone life into the man's hearts
When I became the sun, I shone life into the man's heart"
genius-75978,B.Y.O.B.,System of a Down,angry,en,"You
Why do they always send the poor?

Barbarisms by Barbaras with pointed heels
Victorious Victorias kneel for brand-new spanking deals
Marching forward, hypocritic and hypnotic computers
You depend on our protection, yet you feed us lies from the tablecloth

La-la-la-la-la-la-la-la-la-la, ooh-ooh

Everybody's going to the party, have a real good time
Dancin' in the desert, blowin' up the sunshine

Kneeling roses disappearing into Moses' dry mouth
Breaking into Fort Knox, stealing our intentions
Hangars sitting dripped in oil, crying, ""Freedom""
Handed to obsoletion,
 
still, you feed us lies from the tablecloth

La-la-la-la-la-la-la-la-la-la, ooh-ooh

Everybody's going to the party, have a real good time
Dancin' in the desert, blowing up the sunshine
Everybody's goin' to the party, have a real good time
Dancin' in the desert,
 
blowin' up the sunshine

Blast off, it's party time
And we don't live in a fascist nation
Blast off, it's party time
And where the fuck are 
you?

Where the fuck are you?
Where the fuck are you?
Why don't presidents fight the war? Why do they always send the poor?
Why don't presidents fight the war? Why do they always send the poor?
Why do they always send the poor? Why do they always send the poor?
Why they always send the poor?

Kneeling roses disappearing into Moses' dry mouth
Breaking into Fort Knox, stealing our intentions
Hangars sitting dripped in oil, crying, ""Freedom""
Handed to obsoletion,
 
still, you feed us lies from the tablecloth

La-la-la-la-la-la-la-la-la-la, ooh-ooh

Everybody's going to the party, have a real good time
Dancin' in the desert, blowin' up the sunshine
Well everybody's goin' to the party, have a real good time
Dancin' in the desert,
 
blowin' up the sun

Where the fuck are you?
Where the fuck are you?
Why don't presidents fight the war? Why do they always send the poor?
Why don't presidents fight the war? Why do they always send the poor?
Why do they always send the poor? Why do they always send the poor?

Why do they always send the poor?
Why do they always send the poor?
Why do they always send the poor?
They always send the poor, they always send the poor"
genius-94438,Aerials,System of a Down,angry,en,"Life is a waterfall
We're one in the river and one again after the fall
Swimming through the void, we hear the word
We lose ourselves, but we find it all

'Cause we are the ones that wanna play
Always wanna go, but you never wanna stay
And we are the ones that wanna choose
Always wanna play, but you never wanna lose

Aerials in the sky
When you lose small mind, you free your life

Life is a waterfall
We drink from the river, then we turn around and put up our walls
Swimming through the void, we hear the word
We lose ourselves, but we find it all

'Cause we are the ones that wanna play
Always wanna go, but you never wanna stay
And we are the ones that wanna choose
Always wanna play, but you never wanna lose, oh

Aerials in the sky
When you lose small mind, you free your life
Aerials, so up high
When you free your eyes, eternal prize
Aerials in the skyWhen you lose small mind, you free your life
Aerials, so up high
When you free your eyes, eternal prize

Ahh-ahh, ahh, ahh-ahh, ahh
Ahh-ahh, ahh-ahh, ahh-ahh, ahh-ahh, ahh
Ahh-ahh, ahh, ahh-ahh, ahh
Ahh-ahh, ahh-ahh, ahh-ahh, ahh-ahh, om"
genius-70696,Sugar,System of a Down,angry,en,"The kombucha mushroom people
Sitting around all day
Who can believe you? Who can believe you?
Let your mother pray

Sugar
Sugar

I'm not there all the time, you know
Some people, some people, some people call it insane
Yeah, they call it insane (
Sugar
)
I play Russian roulette every day, a man's sport
With a bullet called life
Yeah, mama, called life (
Sugar
)
Yeah, and every time I try to go
Where I really want to be, it's already where I am
'Cause I'm already there

The kombucha mushroom people
Sitting around all day
Who can believe you? Who can believe you?
Let your mother pray

Sugar

I got a gun the other day from Sako
It's cute, it's small, fits right in my pocket
Yeah, right in my pocket (
Sugar
)
My girl, you know, she lashes out at me sometimes
And I just fucking kick her
And then, ooh, baby, she's okay (
Sugar
)
People are always chasin' me down
Tryin' to push my face to the ground
Where all they do is suck out my motherfucking brains
My brains (
Sugar
)

The kombucha mushroom people
Sitting around all day
Who can believe you? Who can believe you?
Let your mother pray

I sit in my desolate room
No lights, no music
Just anger (I've killed everyone)
I'm away forever, but I'm feeling better
How do I feel? What do I say?
Fuck you, it all goes away
How do I feel? What do I say?
Fuck you, it all goes away
How do I feel? What do I say?
In the end, it all goes away
How do I feel? What do I say?
In the end, it all goes away
How do I feel? What do I say?
In the end, it all goes away
How do I feel? What do I say?
In the end, it all goes away
How do I feel? What do I say?
In the end, it all goes away
How do I feel? What do I say?
In the end, it all goes away
In the end, it all goes away
In the end, it all goes away
In the end, it all goes away
In the end, it all goes away"
genius-122385,Prison Song,System of a Down,angry,en,"They're tryna build a prison
They're tryna build a prison
Oh

Following the rights movements, you clamped down with your iron fists
Drugs became conveniently available for all the kids
Following the rights movements, you clamped down with your iron fists
Drugs became conveniently available for all the kids

I buy my crack, my smack, my bitch right here in Hollywood
Nearly two million Americans are incarcerated in the prison system, prison system of the U.S. 

They're tryna build a prison
They're tryna build a prison, they're tryna build a prison
They're tryna build a prison 
for you and me to live in
Another prison system, another prison system
Another prison system 
for you and me

Minor drug offenders fill your prisons; you don't even flinch
All our taxes paying for your wars against the new non-rich
Minor drug offenders fill your prisons; you don't even flinch
All our taxes paying for your wars against the new non-rich

I buy my crack, my smack, my bitch right here in Hollywood
The percentage of Americans in the prison system, prison system has doubled since 1985

They're tryna build a prison
They're tryna build a prison, they're tryna build a prison
They're tryna build a prison 
for you and me to live in
Another prison system, another prison system
Another prison system 
for you and me
For you and I, you and I, you and I
 (
You and I
)
They're tryna build a prison, they're tryna build a prison
They're tryna build a prison for you and me
Oh, baby, you and me

Why, why?
All research and successful drug policy shows that treatment should be increased (
Why?
)
And law enforcement decreased while abolishing mandatory minimum sentences (
Why?
)
All research and successful drug policy shows that treatment should be increased (
Why?
)
And law enforcement decreased while abolishing mandatory minimum sentences
Utilizing drugs to pay for secret wars around the world
Drugs are now your global policy, now you police the globe

I buy my crack, my smack, my bitch right here in Hollywood
Drug money is used to rig elections and train brutal corporate-sponsored dictators around the world

They're tryna build a prison
They're tryna build a prison, they're tryna build a prison
They're tryna build a prison 
for you and me to live in
Another prison system, another prison system
Another prison system 
for you and me
For you and I, you and I, you and I
 (
For you and I
)
They're tryna build a prison, they're tryna build a prison
They're tryna build a prison for you and me
Oh, baby, you and me"
genius-105739,Lonely Day,System of a Down,angry,en,"Such a lonely day and it's mine
The most loneliest day of my life
Such a lonely day should be banned
It's a day that I can't stand

The most loneliest day of my life
The most loneliest day of my life

Such a lonely day shouldn't exist
It's a day that I'll never miss
Such a lonely day and it's mine
The most loneliest day of my life

And if you go, I wanna go with you
And if you die, I wanna die with you
Take your hand and walk away

The most loneliest day of my life
The most loneliest day of my life
The most loneliest day of my
 life

Such a lonely day and it's mine
It's a day that I'm glad I survived"
genius-105732,Hypnotize,System of a Down,angry,en,"Why don't you ask the kids at Tiananmen Square?
Was fashion the reason why they were there?
They disguise it, hypnotize it
Television made you buy it

I'm just sitting in my car and
Waiting for my

She's scared that I will take her away from there
Dreams and her country left with no one there
Mesmerized the simple-minded
Propaganda leaves us blinded

I'm just sitting in my car and
Waiting for my girl
I'm just sitting in my car and
Waiting for my girl

I'm just sitting in my car and
Waiting for my girl
I'm just sitting in my car and
Waiting for my girl"
genius-64234,Freak On a Leash,Korn,angry,en,"Something takes a part of me
Something lost and never seen
Every time I start to believe
Something's raped and taken from me, from me

Life's gotta always be messin' with me (
You wanna see the light
)
Can't they chill and let me be free? (
So do I
)
Can't I take away all this pain? (
You wanna see the light
)
I try to every night, all in vain, in vain

Sometimes, I cannot take this place
Sometimes, it's my life I can't taste
Sometimes, I cannot feel my face
You'll never see me fall from grace

Something takes a part of me
You and I weren't meant to be
A cheap fuck for me to lay
Something takes a part of me

Feelin' like a freak on a leash (
You wanna see the light
)
Feeling like I have no release (
So do I
)
How many times have I felt diseased? (
You wanna see the light
)
Nothing in my life is free, is free

Sometimes, I cannot take this place
Sometimes, it's my life I can't taste
Sometimes, I cannot feel my face
You'll never see me fall from grace

Something takes a part of me
You and I weren't meant to be
A cheap fuck for me to lay
Something takes a part of me

Boom-da-da-mmm-dum-na-ee-ma
Da-boom-da-da-mmm-dum-na-ee-ma
Da-boom-da-da-mmm-dum-na-ee-ma
Da-boom-da-da-mmm-dum-na-ee-ma
Da-boom-da-da-mmm-dum-na-ee-ma
Da-boom-da-da-mmm-dum-na-ee-ma
Da-boom-da-da-mmm-dum-na-ee-ma
Da-boom-da-da-mmm-dum-na-ee-ma
Da-boom-da-da-mmm-dum-na-ee-ma
Da-boom-da-da-mmm-dum-na-ee-ma
Da-boom-da-da-mmm-dum-na-ee-ma
Da-boom-da-da-mmm-dum-na-ayy, go

So fight, something on the ming-a-ooh
Fight, some things they fight
So, something on the ming-a-ooh
Fight, some things they fight
Fight, something off the hee-a-hoo
No, some things they fight
Fight, something on the ming-a-hoo
Fight, some things they fight

Something takes a part of me
You and I weren't meant to be
A cheap fuck for me to lay
Something takes a part of me

Part of me
Part of me
Part of me"
genius-198795,Daddy,Korn,angry,en,"Mother, please forgive me
I just had to get out all my pain and suffering
Now that I am done, remember I will always love you
I'm your son

Little child, looking so pretty
Come out and play, I'll be your daddy
Innocent child, looking so sweet
I'll rape your mind and now your flesh I reap

You raped, I feel dirty
It hurt, as a child
Tied down, ""That's a good boy""
And fucked your own child
I scream, no one hears me
It hurt, I'm not a liar
My God, saw you watch
Mommy, why your own child?

Little child, looking so pretty
Come out and play, I'll be your daddy

You raped, I feel dirty
It hurt, as a child
Tied down, ""That's a good boy""
And fucked your own child
I scream, no one hears me
It hurt, I'm not a liar
My God, saw you watch
Mommy, why?

It's alright

You raped, I feel dirty
It hurt, as a child
Tied down, ""That's a good boy""
And fuck, your own child
I weep, no one hears me
It hurt, as a child
Tied down, no one hit me
And raped your own child
I'm sick, no one hears me
It hurt, as a child
Tied down, ""That's a good boy""
You fucked your own child
I speak, no one hears me
It hurt, as a child
Tied down, no one hears me
Mommy, why your own child?

I didn't touch you there
Mommy said she didn't care
I didn't touch you there
That's why Mommy stopped and stared

Little child, looking so sweet
I rape your mind, and on your flesh I reap

You raped, I feel dirty
It hurt, as a child
Tied down, ""That's a good boy""
And fuck your own child
I scream, no one hears me
It hurt, I'm not a liar
My God, saw you watch
Mommy, why your own child?
You raped, I feel dirty
It hurt, I'm not a liar
My God, saw you watch
Daddy, why your own child?
I scream, no one hears me
It hurt, I'm not a liar
My God, saw you watch
Mommy, why your own child?
You raped, I feel dirty
It hurt, I'm not a liar
My God, saw you watch
Mommy, why your own child?
I scream, no one hears me
It hurt, I'm not a liar
My God, saw you watch
Mommy, why?

I fuckin' hate you
Oh, you fucker
Motherfucker, I fuckin' hate you, fuck you
You son of a bitch
You fuckin' ruined my life
I wanted to die
I'm sick of it, motherfucker
You fuckin' bitch
I hate you
I fuckin' hate you
I hate you
You piece of shit
Why?
I hate you

When I awake, I'll see Thy face
When I awake, I will see Thy light
Mother, awake me from my dreams
Mother, awake me in Thy light
Hand in hand, we are dancing together
Dancing together in Thy Light

Hi, Geri
Uh, is it okay if I come over and take a look at your exhaust manifold on your Dodge Dart?
I've got a piece missing somewhere on mine, and I'm not sure what it is
I wanna see what you got on yours, ha-ha
Throttle lever strikes dashpot rod; the rod must push diaphragm back
Before it can move back, air must be pushed up in
This causes the diaphragm to move slowly when the throttle valve is moved away
Stream will force diaphragm out, the air must now vent, dashpot is ready to work again
(Mhm, see this?)
I don't care what that-
(The rod that they're talking about—)
I don't care what that looks like, Geri, I'm telling you what the dash-pot is
Where's the dash-pot on here, Geri?
(I don't know)
Dashpot is inside. Geri, where it's hooked up at
And that is not made— that is not made to regulate the fuckin' choke goin' back and forth
(And that's not the end-loader?)
That's so you can get pure fuel in there
As soon as you start cranking it over, woah
It will start sucking, and when I start sucking, this choke here-
'Cause you can't just have pure fuel, it won't light, you have to have a little bit of oxygen
It sucks open and it cracks the choke like this
And that's how that works
(That is not what you just said)
I said no, Geri, the heating is the motherfucking spring
This one here, as soon as you start turnin' over the engine
It's supposed to pull it back when the vacuum starts
When the vacuum starts, nothin' to do with fuckin' heat, vacuum
(Why are you screaming?)
Because you said— you said ""It's supposed to work off heat,"" no, Geri
(You said, ""As the car gradually warms up..."")
As it gradually warms up, this motherfucker with the coil, the spring, opens it up
This has already done its job; the only thing it's job is to do is when you're cranking the engine up
After it's been choked, all it does is pull back, and it cracks it open just a pinch
(Then you don't know what it's called)
The Choke Vacuum Diaphragm (Okay)
I mean, it's right there in the book
(Sure it is)
Oh, God, you're a hard, hard woman to live with
(If it was right here in the book, I would have found it)
Oh, you motherfucker, you asshole, you stupid son of a bitch, you showed it to me
(What?)
You showed me the goddamn thing in the book, what it was called, that's what I knew what it was
(Get out of here and quit yelling at me)
No, Geri, you're fucked
(I haven't seen that in there)
""I haven't seen it,"" you stupid son of a bitch
(That vacuum thing? Yes)
(We don't know what the little business is.)
(It doesn't explain anything, I haven't read anything that explains that)
I told you what it says (yeah, you did, yes, yesterday)
I just told you what it did
And you're sittin' there saying you never saw that before
And yet you're the one that fuckin' showed me it, Geri
(You stink like gas)
(I told you that fuckin' fuel filter was not on there)
(It's not that fuckin' orange business hanging across the goddamn business)
Let's try rebuilding the fucking carburetor first, Geri
Let me tell you something, Geri
Let me tell you a little secret, Geri
(Don't tell me any secrets, be quiet)
Oh, man, I quit, I am fed up, I mean
I tell you something and you fuckin' don't believe me
You show me something and you still don't fuckin' believe me
(I can't show you anything, Michael, because your head is blank)
Well, you're sitting there telling me that motherfucker isn't that
Well, that's not how it works
Well, Geri, a mechanic told me that's how it works
(Who's talking about the truck? We're talking about-)
A Dodge Dart, on slant 6
(You have lost your mind)
What are you talkin' about?
(My God)"
genius-198770,Blind,Korn,angry,en,"Are you ready?

There's a place inside my mind
A place I like to hide
You don't know the chances
What if I should die?
A place inside my brain
Another kind of pain
You don't know the chances

I'm so blind
Blind, blind

Another place I'll find
To escape the pain inside
You don't know the chances
What if I should die?
A place inside my brain
Another kind of pain
You don't know the chances

I'm so blind
Blind, blind

Deeper and deeper and deeper
As I dream to live a life that seems to be
A lost reality
That can never find a way to reach my inner
Self-esteem is low, how deep can I go
In the ground that I lay, if I don't find a way to
See through the gray that clouds my mind?
This time I look to see what's between the lines

I can see, I can see I'm going blind
I can see, I can see I'm going blind
I can see, I can see I'm going blind
I can see, I can see I'm going blind

I can see, I can see I'm going blind
I can see, I can see I'm going blind
I can see, I can see I'm going blind
I can see, I can see I'm going blind
I can see, I can see I'm going blind (
I can see I'm going
)
I can see, I can see I'm going blind (
Going blind
)
I can see, I can see I'm going blind
I can see, I can see I'm going blind

I'm blind
I'm blind
I'm blind
I'm blind"
genius-214435,All in the Family,Korn,angry,en,"Say what, say what?
Say what, say what?
Say what, say what?
I say what, say what?
My dick is bigger than yours
Ooh, I say what, say what?
I say what, say what?
I say what, say what?
My band is bigger than yours

Too bad, I got your beans in my bag
You stuck-up sucker, Korny motherfucker
Taking over flows is the Limp pimp
Need a Bizkit to save this crew from Jon Davis
I'm gonna drop a little east side skill
Ya best step back 'cause I'ma kill, I'ma kill
So, what you thinking, Mr. raggedy man?
Doing all you can to look like Raggedy Ann

Check you out, punk, yes, I know you feel it
You look like one of those dancers from the Hanson video
You little faggot ho
Please give me some shit to work with
'Cause right now I'm all it, kid
Suck my dick, kid, like your daddy did

Who the fuck you think you're talking to? (Me)
I'm known for eating little whiny chumps like you (Whatever)
All up in my face with that ""are you ready?""
But halitosis is all you're rocking steady
You little fairy, smelling on your flowers
Nappy hairy chest, look, it's Austin Powers (
Aw, yeah, baby
)
I hear ya tweetin' on them fag-pipes, clod
But you said it best, there's no place to hide

What the fuck ya saying? You're a pimp, whatever, Limp dick
Fred Durst needs to rehearse, needs to reverse what he's saying
Wanna be Funkdoobiest when you're playing
Ripping up a bad counterfeit, faking
Plus your bills, I'm paying
You can't eat that shit every day, Fred
Lay off the bacon
Say what, say what? You better watch your fucking mouth, Jon

So, you hate me
And I hate you
You know what, you know what?
It's all in the family (
Yeah
)
I hate you
And you hate me
You know what?
It's all in the family

Look at you, fool, I'm gonna fuck you up twice
Throwing rhymes at me like, oh shit, alright, Vanilla Ice
Ya better run, run while ya can (Say what?)
Can never fuck me up, Bisc Limpkit (Say what?)
At least I got a P.H.A.T. original band

Who's hot, who's not? (
You
)
You best step back, Korn on the cob (
Okay
)
You need a new job (Ha)
Time to take them mic skills
Back to the dentist and buy yourself a new grill (
Fuck you
)
You pumpkin pie, I'll jack off in your eye
Climbing shoots and ladders, while your ego shatters
But you just can't get away (Get a-gay)
Because it's doomsday, kid, it's doomsday

So, I hate you!
And you hate me
You know what, you know what?
It's all in the family (
Yeah, yeah, you got it
)
I hate you
And you hate me
You know what, you know what?
It's all in the family (
Yeah, yeah
)

You call yourself a singer? (
Yep
)
You're more like Jerry Springer (Oh, cool)
Your favorite band is Winger (Winger?)
And all you eat is Zingers
You're like a Fruity Pebble
Your favorite flag is rebel (
Yeehaw
)
It's just too bad that you're a fag and on a lower level

So you're from Jacksonville, kicking it like Buffalo Bill
Getting butt-fucked by your uncle Chuck
While your sister's on her knees (
Oh yeah?
)
Waiting for your little peanut

Wait, where'd you get that little dance? (Over here)
Like them idiots in Waco, you're burning up in Bako
Where your father had your mother
Your mother had your brother (
Nuh-uh
)
It's just too bad your father's mad, your mother's now your lover

Come on, hillbilly
Can your horse do a fucking wheelie?
You love it down south and, boy
You sure do got a purdy mouth

I hate you
And you hate me
You know what, you know what? (
Yeah
)
It's all in the family (
You got it, you got it
)
And I hate you (
Yeah
)
And you hate me
You know what, you know what?
It's all in the family (
You got it, you got it
)

And I love you
And I want you
And I'll suck you
And I'll fuck you
And I'll butt-fuck you
And I'll eat you
And I'll lick your little dick, motherfucker
Say what, say what, what, say what?"
genius-64433,Falling Away from Me,Korn,angry,en,"Hey, I'm feeling tired
My time has gone today
You flirt with suicide
Sometimes that's okay
Do what others say
I'm here standing hollow
Falling away from me
Falling away from me

Day is here fading
That's when I'm insane
I flirt with suicide
Sometimes kill the pain
I can't always say
""It's gonna be better tomorrow""
Falling away from me
Falling away from me

Beating me down
Beating me, beating me
Down, down
Into the ground
Screaming so sound
Beating me, beating me
Down, down
Into the ground

(Falling away from me)
It's spinning round and round
(Falling away from me)
It's lost and can't be found
(Falling away from me)
It's spinning round and round
(Falling away from me)
Throw it down

Beating me down
Beating me, beating me
Down, down
Into the ground
Screaming so sound
Beating me, beating me
Down, down
Into the ground

Twisting me, they won't go away
So I pray, go away

Life's falling away from me
It's falling away from me
Life's falling away from me
Fuck

Beating me down
Beating me, beating me
Down, down
Into the ground
Screaming so sound
Beating me, beating me
Down, down
Into the ground
(Falling away from me)
Beating me down
Beating me, beating me
(Falling away from me)
Down, down
Into the ground
(Falling away from me)
Screaming so sound
Beating me, beating me
(Falling away from me)
Down, down
Into the ground"
genius-301982,Twist,Korn,angry,en,"Twist
Twist
Twist
Twist

Twist
Twist
Twist"
genius-134166,Faget,Korn,angry,en,"HIV

Here I am different in this normal world
Why'd you tease me, made me feel upset?
Fucking stereotypes feeding their heads
I am ugly, please just go away

(HIV) I can see it's hard to find
This blessing in disguise (HIV)
Why you treat me this way?
Made the hate stay

As I walk I can never seem to escape
All the laughing, all the pain
If you were me, what would you do?
Nothing, probably, you'd just throw me away

I can see it's hard to find (HIV)
This blessing in disguise
Why you treat me this way? (HIV)
Made the hate stay

Faget
Faget
Faget

Here I am different in this normal world
Why'd you tease me, made me feel upset?
Fucking stereotypes feeding their heads
I am ugly, please just go away

(HIV) I can see it's hard to find
This blessing in disguise
Why you treat me this way? (HIV)
Made the hate stay

Faget
You'll see

I'm just a pretty boy, whatever you call it
You wouldn't know a real man if you saw it
It keeps going on day after day, son
Hey you, faget, get away, we don't want none
I'm sick and tired of people treating me this way every day
Who gives a fuck? Right now I got something to say
To all the people that think that I'm strange
And I should be out here locked up in a cage
You don't know what the hell is up now anyway
You got this pretty boy feeling like I'm enslaved
To a world that never appreciated shit
You can suck my dick and fucking like it

I'm just a pretty boy, I'm not supposed to fuck a girl
I'm just a pretty boy living in this fucked up world
I'm just a pretty boy, I'm not supposed to fuck a girl
I'm just a pretty boy living in this fucked up world

All my life, who am I?
All my life, who am I?
All my life, who am I?
All my life, who am I?
All my life, who am I?
All my life, who am I?
All my life, who am I?
All my life, who am I?
All my life, who am I?
All my life, who am I?
All my life, who am I?
All my life

I'm just a faget (Faget)
I'm just a faget (Faget)
I'm just a faget (Faget)
I'm a faget (Faget)
I'm not a faget (Or am I? Faget)
I'm not a faget (Or am I? Faget)
I'm not a faget (Or am I? Faget)
You motherfucking queers"
genius-63905,Got the Life,Korn,angry,en,"Hate, something, sometime, someway
Something kicked off the front for me
Something inside (I'll never ever follow)
So give me something that is for real (I'll never ever follow)

Get your boogie on
Get your boogie on

Hate, something, someway, each day
Feeling ripped off and given away
This shit inside (Now everyone will follow)
So give me nothing, just feel (And now this shit will follow)

God paged me, ""You'll never see the light"", who wants to see?
God told me, ""I've already got the life"", oh I say
God paged me, ""You'll never see the light"", who wants to see?
God told me, ""I've already got the life"", oh I say

Each day I can feel it swallow
Inside something took from me
I don't feel your deathly ways
Each day I feel so hollow
Inside I was beating me
You will never see, so come dance with me
Dance with me, dance with me, dance with me
Dance with me (Rum-biddie-boo, rum-bum-dee-dum)
Dance with me (Rum-biddie-boo, rum-bum-dee-dum-dee-bum-did)
Dance with me (Rum-biddie-boo, rum-bum-dee-doo)
Me!

God pains me the more I see the light"", who wants to see?
God told me, ""I've already got the life"", oh I say
God paged me, ""You'll never see the light"", who wants to see?
God told me, ""I've already got the life""

Got the life, got the life, got the life
Got the life, got the life, got the life
Got the life, got the life, got the life"
genius-49192,Viva La Vida,Coldplay,neutral,en,"I used to rule the world
Seas would rise when I gave the word
Now in the mornin', I sleep alone
Sweep the streets I used to own

I used to roll the dice
Feel the fear in my enemy's eyes
Listen as the crowd would sing
""Now the old king is dead, long live the king""
One minute, I held the key
Next, the walls were closed on me
And I discovered that my castles stand
Upon pillars of salt and pillars of sand

I hear Jerusalem bells a-ringin'
Roman cavalry choirs are singin'
Be my mirror, my sword and shield
My missionaries in a foreign field
For some reason, I can't explain
Once you'd gone, there was never
Never an honest word
And that was when I ruled the world

It was a wicked and wild wind
Blew down the doors to let me in
Shattered windows and the sound of drums
People couldn't believe what I'd become
And revolutionaries wait
For my head on a silver plate
Just a puppet on a lonely string (
Mmm, mmm
)
Aw, who would ever wanna be king?

I hear Jerusalem bells a-ringin'
Roman cavalry choirs are singin'
Be my mirror, my sword and shield
My missionaries in a foreign field
For some reason, I can't explain
I know Saint Peter won't call my name
Never an honest word
But that was when I ruled the world

Oh-oh-oh, oh-oh, oh
Oh-oh-oh, oh-oh, oh
Oh-oh-oh, oh-oh, oh
Oh-oh-oh, oh-oh, oh

(
Oh-oh-oh, oh-oh, oh
)
Hear Jerusalem bells a-ringin'
(Oh-oh-oh, oh-oh, oh)
Roman cavalry choirs are singin'
(Oh-oh-oh, oh-oh, oh)
Be my mirror, my sword and shield
(Oh-oh-oh, oh-oh, oh)
My missionaries in a foreign field
(Oh-oh-oh, oh-oh, oh)
For some reason, I can't explain
(Oh-oh-oh, oh-oh, oh)
I know Saint Peter won't call my name
Never an honest word
But that was when I ruled the world

Mmm, mmm, mmm, mmm
Mmm, mmm, mmm, mmm
Mmm, mmm"
genius-77594,The Scientist,Coldplay,neutral,en,"Come up to meet you, tell ya I'm sorry
You don't know how lovely you are
I had to find you, tell you I need you
And tell you I'll set you apart
Tell me your secrets and ask me your questions
Oh, let's go back to the start
Runnin' in circles, comin' up tails
Heads on a science apart

Nobody said it was easy
It's such a shame for us to part
Nobody said it was easy
No one ever said it would be this hard
Oh, take me back to the start

I was just guessin' at numbers and figures
Pullin' your puzzles apart
Questions of science, science and progress
Do not speak as loud as my heart (Ooh)
And tell me you love me, come back and haunt me (Ooh)
Oh, and I rush to the start (Ooh)
Runnin' in circles, chasin' our tails (Ooh)
Comin' back as we are

Nobody said it was easy
Oh, it's such a shame for us to part
Nobody said it was easy
No one ever said it would be so hard
I'm goin' back to the start

Ah-ooh
Ah-ooh
Oh-ooh
Oh-ooh"
genius-77782,Yellow,Coldplay,neutral,en,"Look at the stars
Look how they shine for you
And everything you do
Yeah, they were all yellow
I came along
I wrote a song for you
And all the things you do
And it was called ""Yellow""
So then I took my turn
Oh, what a thing to have done
And it was all yellow

(
Ah
) Your skin, oh, yeah, your skin and bones
(
Ooh
) Turn into something beautiful
(
Ah
) And you know, you know I love you so
You know I love you so

I swam across
I jumped across for you
Oh, what a thing to do
'Cause you were all yellow
I drew a line
I drew a line for you
Oh, what a thing to do
And it was all yellow

(Ah) And your skin, oh, yeah, your skin and bones
(Ooh) Turn into something beautiful
(
Ah
) And you know, for you, I'd bleed myself dry
For you, I'd bleed myself dry

It's true
Look how they shine for you
Look how they shine for you
Look how they shine for
Look how they shine for you
Look how they shine for you
Look how they shine

Look at the stars
Look how they shine for you
And all the things that you do"
genius-79647,Fix You,Coldplay,neutral,en,"When you try your best, but you don't succeed
When you get what you want, but not what you need
When you feel so tired, but you can't sleep
Stuck in reverse

And the tears come streamin' down your face
When you lose somethin' you can't replace
When you love someone, but it goes to waste
Could it be worse?

Lights will guide you home
And ignite your bones
And I will try
 to fix you

And high up above or down below
When you're too in love to let it go
But if you never try, you'll never know
Just what you're worth

Lights will guide you home
And ignite your bones
And I will try
 to fix you

Tears stream down your face
When you lose somethin' you cannot replace
Tears stream down your face
And I
Tears stream down your face
I promise you I will learn from my mistakes
Tears stream down your face
And I

Lights will guide you home
And ignite your bones
And I will try to fix you"
genius-2353271,Hymn for the Weekend,Coldplay,neutral,en,"And said drink from me, drink from me
(I, oh, I, oh, I)
That we shoot across the sky
Got me feeling drunk and high
Pour on a symphony
So high, so high
That we shoot across the sky
Pour on a symphony
Drink from me, drink from me
(I, oh, I, oh, I)
That we shoot across the sky
Got me feelin' drunk and high
Pour on a symphony
So high, so high
That we shoot across the sky

Oh, angel sent from up above
You know you make my world light up
When I was down, when I was hurt
You came to lift me up
Life is a drink and love's a drug
Oh, now I think I must be miles up
When I was a river dried up
You came to rain a flood

I said, 
drink from me, drink from me
When I was 
so
 thirsty
Pour on a symphony
Now I just can't get enough
Put 
your wings on me, wings on me
When I was 
so
 heavy
Pour on a symphony
When I'm low, low, low, low

I, oh, I, oh, I
Got me feeling drunk and high, so high, so high
Oh, I, oh, I, oh, I
Now I'm feeling drunk and high, so high, so high (Woo)

Ooh-ooh
-ooh-ooh-ooh
Ooh-ooh
Ooh-ooh

Oh, angel sent from up above
I feel you coursin' through my blood
Life is a drink and your love's about
To make the stars (
Stars
) come out

Put 
your wings on me, wings on me
When I was 
so
 heavy
Pour on a symphony
When I'm low, low, low, low

I, oh, I, oh, I
Got me feeling drunk and high, so high, so high
Oh, I, oh, I, oh, I
Now I'm feeling drunk and high, so high, so high
I, oh, I, oh, I
La, la, la, la, la, la, la, so high, so high
I, oh, I, oh, I
Now I'm feeling drunk and high, so high, so high

[Outro: Beyoncé & Chris Martin, 
Beyoncé
]
That we shoot across the sky
That we shoot across the
That we shoot across the sky
That we shoot across the (
That we shoot
)
That we shoot across the sky
That we shoot across the
That we shoot across the sky
That we shoot across the"
genius-77781,Sparks,Coldplay,neutral,en,"Did I drive you away?
I know what you'll say
You say, ""Oh, sing one we know""
But I promise you this
I'll always look out for you
Yeah, that's what I'll do

I say, oh
I say, oh

My heart is yours
It's you that I hold onto
Yeah, that's what I do
And I know I was wrong
But I won't let you down
Oh, yeah, I will, yeah, I will, yes, I will

I said, oh
I cry, oh

Yeah, I saw sparks
Yeah, I saw sparks
And I saw sparks
Yeah, I saw sparks

Sing it out
La-la-la-la, oh-oh
La-la-la-la, oh-oh
La-la-la-la, oh-oh
La-la-la-la, oh-oh"
genius-387508,A Sky Full of Stars,Coldplay,neutral,en,"'Cause you're a sky, 'cause you're a sky full of stars
I'm gonna give you my heart
'Cause you're a sky, 'cause you're a sky full of stars
'Cause you light up the path

I don't care, go on and tear me apart
I don't care if you do, ooh-ooh, ooh
'Cause in a sky, 'cause in a sky full of stars
I think I saw you, ooh-ooh-ooh, ooh-ooh-ooh

'Cause you're a sky, 'cause you're a sky full of stars
I wanna die in your arms, oh-oh-oh, oh-oh
'Cause you get lighter the more it gets dark
I'm gonna give you my heart, oh

I don't care, go on and tear me apart
I don't care if you do, ooh-ooh, ooh
'Cause in a sky, 'cause in a sky full of stars
I think I see you, ooh-ooh-ooh, ooh-ooh-ooh
I think I see you, ooh-ooh-ooh, ooh-ooh-ooh

Ooh-ooh-ooh, ooh-ooh-ooh

'Cause you're a sky, you're a sky full of stars
Such a heavenly view, ooh-ooh-ooh, ooh-ooh-ooh
You're such a heavenly view, ooh-ooh-ooh, ooh-ooh-ooh
(Yeah, yeah, yeah, oh)

(Ooh-ooh-ooh)
(Ooh-ooh-ooh)
(Ooh-ooh-ooh)"
genius-2349494,Adventure of a Lifetime,Coldplay,neutral,en,"""Turn your magic on,"" Umi, she'd say
""Everythin' you want's a dream away
We are legends every day""
That's what she told me
""Turn your magic on,"" to me, she'd say
""Everythin' you want's a dream away
Under this pressure, under this weight
We are diamonds""

Now, I feel my heart beatin'
I feel my heart underneath my skin
Now, I feel my heart beatin'
Oh, you make me feel

Like I'm alive again
(Alive again)
Oh, you make me feel
Like I'm alive again

Said, ""I can't go on, not in this way
I'm a dream that died by light of day
Gonna hold up half the sky and say
Only I own me""

Now, I feel my heart beatin'
I feel my heart underneath my skin
Oh, I can feel my heart beatin'
'Cause you make me feel

Like I'm alive again
(Alive again)
Oh, you make me feel
Like I'm alive again

""Turn your magic on,"" Umi, she'd say
""Everythin' you want's a dream away
Under this pressure, under this weight
We are diamonds takin' shape
We are diamonds takin' shape""

(Woo, woo-hoo)
(Woo, woo-hoo)
If we've only got this life, this adventure, oh, then I
And if we've only got this life, you'll get me through alive
And if we've only got this life, in this adventure, oh, then I
Want to share it with you, with you, with you
Oh, see, yeah, see, yeah, I

Woo-hoo (Woo-hoo)
Woo-hoo (Woo-hoo)
Woo-hoo (Woo-hoo)
Woo-hoo (Woo-hoo)
Woo-hoo (Woo-hoo)
Woo-hoo (Woo-hoo)
Woo-hoo (Woo-hoo)
Woo-hoo (Woo-hoo)
Woo-hoo (Woo-hoo)
Woo-hoo (Woo-hoo)
Woo-hoo (Woo-hoo)
Woo-hoo (Woo-hoo)"
genius-2236,Yesterday,The Beatles,neutral,en,"Yesterday
All my troubles seemed so far away
Now it looks as though they're here to stay
Oh, I believe in yesterday

Suddenly
I'm not half the man I used to be
There's a shadow hanging over me
Oh, yesterday came suddenly

Why she had to go
I don't know, she wouldn't say
I said something wrong
Now I long for yesterday

Yesterday
Love was such an easy game to play
Now I need a place to hide away
Oh, I believe in yesterday

Why she had to go
I don't know, she wouldn't say
I said something wrong
Now I long for yesterday

Yesterday
Love was such an easy game to play
Now I need a place to hide away
Oh, I believe in yesterday

Mmm-mmm-mmm-mmm-mmm, hmm-hmm"
genius-71861,In My Life,The Beatles,neutral,en,"There are 
places I remember
All my life, though some have changed (
Ooh, ooh, ooh
)
Some 
forever, not for better
Some have gone and some remain (Ooh, ooh, ooh)

All these 
places had their moments
With lovers and friends, I still can recall
Some are 
dead and some are living
In my life, I've loved them all

But of 
all these friends and lovers
There is no one compares with you (
Ooh, ooh, ooh
)
And these 
memories lose their meaning
When I think of love as something new (
Ooh, ooh, ooh
)

Though I 
know I'll never lose affection
For people and things that went before
I know I'll often stop and think about them
In my life, I love you more

Though I 
know I'll never lose affection
For people and things that went before
I know I'll often stop and think about them
In my life, I love you more

In my life, I love you more"
genius-1575,Let It Be,The Beatles,neutral,en,"When I find myself in times of trouble
Mother Mary comes to me
Speaking words of wisdom
Let it be
And in my hour of darkness
She is standing right in front of me
Speaking words of wisdom
Let it be

Let it be, let it be
Let it be, let it be
Whisper words of wisdom
Let it be

And when the broken-hearted people
Living in the world agree
There will be an answer
Let it be
For though they may be parted
There is still a chance that they will see
There will be an answer
Let it be

Let it be, let it be
Let it be, let it be
Yeah, there will be an answer
Let it be
Let it be, let it be
Let it be, let it be
Whisper words of wisdom
Let it be

Let it be, let it be
Let it be, yeah, let it be
Whisper words of wisdom
Let it be

And when the night is cloudy
There is still a light that shines on me
Shine until tomorrow
Let it be
I wake up to the sound of music
Mother Mary comes to me
Speaking words of wisdom
Let it be, yeah

Let it be, let it be
Let it be, yeah, let it be
Oh, there will be an answer
Let it be
Let it be, let it be
Let it be, yeah, let it be
Oh, there will be an answer
Let it be
Let it be, let it be
Let it be, yeah, let it be
Whisper words of wisdom
Let it be"
genius-82381,Hey Jude,The Beatles,neutral,en,"Hey, Jude, don't make it bad
Take a sad song and make it better
Remember to let her into your heart
Then you can start to make it better

Hey, Jude, don't be afraid
You were made to go out and get her
The minute you let her under your skin
Then you begin to make it better

And anytime you feel the pain, hey, Jude, refrain
Don't carry the world upon your shoulders
For well you know that it's a fool who plays it cool
By making his world a little colder
Na-na-na-na-na, na-na-na-na

Hey, Jude, don't let me down
You have found her, now go and get her
(Let it out and let it in)
Remember (Hey, Jude) to let her into your heart
Then you can start to make it better

So let it out and let it in, hey, Jude, begin
You're waiting for someone to perform with
And don't you know that it's just you, hey, Jude, you'll do
The movement you need is on your shoulder
Na-na-na-na-na, na-na-na-na, yeah

Hey, Jude, don't make it bad
Take a sad song and make it better
Remember to let her under your skin (
Woah
)
Then you'll begin to make it (
Fucking hell
)
Better, better, better, better, better, better, oh

Yeah, yeah-yeah-yeah-yeah-yeah-yeah
Na-na-na-na-na-na-na, na-na-na-na, hey, Jude
Na-na-na-na-na-na-na, na-na-na-na, hey, Jude
Na-na-na-na-na-na-na, na-na-na-na, hey, Jude
Na-na-na-na-na-na-na, na-na-na-na, hey, Jude
(Jude, Judy, Judy, Judy, Judy, Judy, ow-wow)
Na-na-na-na-na-na-na (Na-na-na), na-na-na-na, hey, Jude
(Jude, Jude, Jude, Jude, Jude)
Na-na-na-na-na-na-na (Yeah, yeah, yeah), na-na-na-na, hey, Jude
(You know you can make, Jude, Jude, you're not gonna break it)
Na-na (Don't make it bad, Jude) na-na-na-na-na (Take a sad song and make it better), na-na-na-na, hey, Jude
Hey, Jude, hey, Jude wow
Na-na-na-na-na-na-na, na-na-na-na, hey, Jude
Na-na-na-na-na-na-na, na-na-na-na, hey, Jude
Jude, Jude, Jude, Jude, Jude, Jude
Na-na-na-na-na-na-na, na-na-na-na, hey, Jude
Na-na-na-na-na-na-na, na-na-na-na, hey, Jude
(Na-na-na-na-na-na-na-na-na-na-na-na)
Na-na-na-na-na-na-na, na-na-na-na, hey, Jude
Na-na-na-na-na-na-na, na-na-na-na, hey, Jude
Na-na-na-na-na-na-na (Make it, Jude), na-na-na-na, hey, Jude
(Yeah-yeah-yeah-yeah, yeah, yeah, yeah)
Na-na-na-na-na-na-na, na-na-na-na, hey, Jude
(Go listen to ya ma-ma-ma-ma-ma-ma-ma-ma)
Na-na-na-na-na-na-na, na-na-na-na, hey, Jude
Na-na-na-na-na-na-na, na-na-na-na, hey, Jude"
genius-56218,Come Together,The Beatles,neutral,en,"Shoot me
Shoot me
Shoot me
Shoot me

Here come old flat-top, he come grooving up slowly
He got ju-ju eyeball, he one holy roller
He got hair down to his knee
Got to be a joker, he just do what he please

Shoot me
Shoot me
Shoot me
Shoot me

He wear no shoeshine, he got toe-jam football
He got monkey finger, he shoot Coca-Cola
He say, ""I know you, you know me""
One thing I can tell you is you got to be free

Come together right now
Over me

Shoot me
Shoot me
Shoot me
Shoot me

He bag production, he got walrus gumboot
He got Ono sideboard, he one spinal cracker
He got feet down below his knee
Hold you in his armchair, you can feel his disease

Come together right now
Over me

Shoot me
Right
Come, come, come, come, come

He roller-coaster, he got early warnin'
He got muddy water, he one mojo filter
He say, ""One and one and one is three""
Got to be good-lookin', 'cause he's so hard to see

Come together right now
Over me

Shoot me
Shoot me
Shoot me
Oh

Come together, yeah
Come together, yeah
Come together, yeah
Come together, yeah
Come together, yeah
Come together, yeah
Come together, yeah
Oh
Come together, yeah
Come together, yeah"
genius-1577,Eleanor Rigby,The Beatles,neutral,en,"Ah, look at all the lonely people
Ah, look at all the lonely people

Eleanor Rigby
Picks up the rice in the church where a wedding has been
Lives in a dream
Waits at the window
Wearing the face that she keeps in a jar by the door
Who is it for?

All the lonely people
Where do they all come from?
All the lonely people
Where do they all belong?

Father McKenzie
Writing the words of a sermon that no one will hear
No one comes near
Look at him working
Darning his socks in the night when there's nobody there
What does he care?

All the lonely people
Where do they all come from?
All the lonely people
Where do they all belong?

Ah, look at all the lonely people
Ah, look at all the lonely people

Eleanor Rigby
Died in the church and was buried along with her name
Nobody came
Father McKenzie
Wiping the dirt from his hands as he walks from the grave
No one was saved

All the lonely people (
Ah, look at all the lonely people
)
Where do they all come from?
All the lonely people (
Ah, look at all the lonely people
)
Where do they all belong?"
genius-87577,Here Comes the Sun,The Beatles,neutral,en,"[Chorus: George Harrison, 
George Harrison & Paul McCartney
]
Here comes the sun, doo-d-doo-doo
Here comes the sun
And I say, 
""It's alright""

Little darling
It's been a long, cold, lonely winter
Little darling
It feels like years since it's been here

Here comes the sun, doo-d-doo-doo
Here comes the sun
And I say,
 ""It's alright""

Little darling
The smile's returning to the faces
Little darling
It seems like years since it's been here

Here comes the sun
Here comes the sun
And I say, ""It's alright""

Sun, sun, sun, here it comes
Sun, sun, sun, here it comes
Sun, sun, sun, here it comes
Sun, sun, sun, here it comes
Sun, sun, sun, here it comes

Little darling
I feel that ice is slowly melting
Little darling
It seems like years since it's been clear

But
 here comes the sun, doo-d-doo-doo
Here comes the sun
And I say,
 ""It's alright""
Here comes the sun, doo-d-doo-doo
Here comes the sun
It's alright
It's alright"
genius-87564,Something,The Beatles,neutral,en,"Something in the way she moves
Attracts me like no other lover
Something in the way she woos me

I don't want to leave her now
You know I believe and how

Somewhere in her smile, she knows
That I don't need no other lover
Something in her style that shows me

I don't want to leave her now
You know I believe and how

You're asking me, will my love grow?
I don't know, I don't know
You stick around, now, it may show
I don't know, I don't know

Something in the way she knows
And all I have to do is think of her
Something in the things she shows me

I don't want to leave her now
You know I believe and how"
genius-294002,Dreams,Fleetwood Mac,neutral,en,"(Mmm)

Now, here you go again
You say you want your freedom
Well, who am I to keep you down?
It's only right that you should
Play the way you feel it
But listen carefully to the sound
Of your loneliness

Like a heartbeat, (Heart) drives you mad (beat)
In the stillness (Still-) of remembering (-ness)
What you had (Lonely) and what you lost (Ooh, ooh)
And what you had (Ooh, ooh) and what you lost (Ooh)

Oh, thunder only happens when it's rainin'Players only love you when they're playing
Say, ""Women, they will come and they will go""
When the rain washes you clean, you'll know
You'll know

Now, here I go again
I see the crystal visions
I keep my visions to myself
It's only me who wants to
Wrap around your dreams
And have you any dreams you'd like to sell?
Dreams of loneliness

Like a heartbeat, (Heart) drives you mad (beat)
In the stillness (Still-) of remembering (-ness)
What you had (Lonely) and what you lost (Ooh, ooh)
And what you had (Ooh, ooh) Ooh, what you lost (Ah, ah)

Thunder only happens when it's rainin'
Players only love you when they're playing
Women, they will come and they will go
When the rain washes you clean, you'll know
Oh, thunder only happens when it's rainin'
Players only love you when they're playing
Say, ""Women, they will come and they will go""
When the rain washes you clean, you'll know

You'll know
You will know
Oh, you'll know"
genius-6282,Landslide,Fleetwood Mac,neutral,en,"I took my love, took it down
I climbed a mountain and I turned around
And I saw my reflection in the snow-covered hills
'Til the landslide brought me down

Oh, mirror in the sky
What is love?
Can the child within my heart rise above?
Can I sail through the changin' ocean tides?
Can I handle the seasons of my life?
Hmm-hmm, hmm-hmm

Well, I've been afraid of changin'
'Cause I've built my life around you
But time makes you bolder
Even children get older
And I'm getting older too

Well, I've been afraid of changin'
'Cause I've built my life around you
But time makes you bolder
Even children get older
And I'm getting older too
Oh, I'm getting older too

Oh-oh, take my love, take it down
Oh-oh, climb a mountain and turn around
And if you see my reflection in the snow-covered hills
Well, the landslide bring it down

And if you see my reflection in the snow-covered hills
Well, the landslide will bring it down
Oh-ohh, the landslide bring it down"
genius-116175,The Chain,Fleetwood Mac,neutral,en,"(Fuck)

Listen to the wind blow
Watch the sun rise
Run in the shadows
Damn your love, damn your lies

And if you don't love me now
You will never love me again
I can still hear you sayin'
You would never break the chain
(
Never break the chain
)
And if you don't love me now
(
You don't love me now
)
You will never love me again
I can still hear you sayin'
 (Still hear you saying)
You would never break the chain
(
Never break the chain
)

Listen to the wind blow
Down comes the night
Run in the shadows
Damn your love, damn your lies
Break the silence
Damn the dark, damn the light

And if you don't love me now
You will never love me again
I can still hear you sayin'
You would never break the chain
(
Never break the chain
)
And if you don't love me now
(
You don't love me now
)
You will never love me again
I can still hear you sayin'
 (Still hear you saying)
You would never break the chain
(
Never break the chain
)
And if you don't love me now
(
You don't love me now
)
You will never love me again
I can still hear you sayin'
 (Still hear you saying)
You would never break the chain
(
Never break the chain
)

Chain keep us together
Run in the shadow
Chain keep us together
Runnin' in the shadow
Chain keep us together
Runnin' in the shadow
Chain keep us together
Run in the shadow
Chain keep us together
Run in the shadow
Chain"
genius-118390,Silver Springs,Fleetwood Mac,neutral,en,"You could be my silver spring
Blue-green colors flashin'
I would be your only dream
Your shinin' autumn ocean crashin'

And don't say that she's pretty
And did you say that she loved you?
Baby, I don't wanna know

So, I begin not to love you
Turn around, see me running
I say, ""I loved you years ago""
Tell myself you never loved me, no

And don't say that she's pretty
And did you say that she loved you?
Baby, I don't wanna know, oh, no
And can you tell me, was it worth it?
Baby, I don't wanna know

Time cast a spell on you
But you won't forget me
I know I could have loved you
But you would not let me

Time cast a spell on you
But you won't forget me
Well, I know I could have loved you
But you would not let me
I'll follow you down
'Til the sound of my voice will haunt you
Oh, give me just a chance
You'll never get away from the sound
Of the woman that loved you
Was I just a fool?
I'll follow you down
'Til the sound of my voice will haunt you
Give me just a chance
You'll never get away from the sound
Of the woman that loved you

Time cast a spell on you
But you won't forget me
I know I could have loved you
But you would not let me
I'll follow you down
'Til the sound"
genius-267752,Rhiannon,Fleetwood Mac,neutral,en,"Rhiannon rings like a bell through the night, and
Wouldn't you love to love her?
Takes to the sky like a bird in flight, and
Who will be her lover?

All your life you've never seen, woman
Taken by the wind
Would you stay if she promised you heaven?
Will you ever win?

She is like a cat in the dark, and then
She is the darkness
She rules her life like a fine skylark, and when
The sky is starless

All your life you've never seen, woman
Taken by the wind
Would you stay if she promised you heaven?
Will you ever win?
Will you ever win?

Rhiannon
Rhiannon
Rhiannon
Rhiannon

She rings like a bell through the night, and
Wouldn't you love to love her?
She rules her life like a bird in flight, and
Who will be her lover?

All your life you've never seen, woman
Taken by the wind
Would you stay if she promised you heaven?
Will you ever win?
Will you ever win?

Rhiannon
Rhiannon
Rhiannon

Taken by, taken by the sky (Ah-ah...)
Taken by, taken by the sky (Ah-ah...)
Taken by, taken by the sky (Ah-ah...)

Dreams unwind, love's a state of mind...
Dreams unwind, love's a state of mind"
genius-98481,Go Your Own Way,Fleetwood Mac,neutral,en,"Loving you isn't the right thing to do
How can I ever change things that I feel?
If I could, maybe I'd give you my world
How can I when you won't take it from me?

You can go your own way, 
go your own way
You can call it another lonely day
You can go your own way, 
go your own way

Tell me why everything turned around
Packing up, shacking up's all you wanna do
If I could, baby, I'd give you my world
Open up, everything's waiting for you

You can go your own way, go your own way
You can call it another lonely day
You can go your own way, go your own way

(Ah!) You can go your own way, go your own way
You can call it another lonely day, another lonely day
You can go your own way, go your own way
You can call it another lonely day, another lonely day

You can call it another lonely day, another lonely day
You can call it another lonely day, another lonely day
You can call it another lonely day, oh, yeah, oh, yeah
You can call it another lonely day
Lonely day"
genius-185180,Gypsy,Fleetwood Mac,neutral,en,"So I'm back, to the velvet underground
Back to the floor, that I love
To a room with some lace and paper flowers
Back to the gypsy that I was
To the gypsy that I was

And it all comes down to you
Well you know that it does
And lightning strikes, maybe once, maybe twice
Oh, and it lights up the night
And you see your gypsy
You see your gypsy

To the gypsy that remains
Faces freedom with a little fear
I have no fear, I have only love
And if I was a child
And the child was enough
Enough for me to love
Enough to love

She is dancing away from me now
She was just a wish
She was just a wish
And a memory is all that is left for you now
You see your gypsy, oh
You see your gypsy

Lightning strikes, maybe once, maybe twice
And it all comes down to you
And it all comes down to you
Lightning strikes, maybe once, maybe twice
And it all comes down to you
I still see your bright eyes, bright eyes
And it all comes down to you"
genius-266861,Songbird,Fleetwood Mac,neutral,en,"For you, there'll be no more crying
For you, the sun will be shining
And I feel that when I'm with you
It's alright, I know it's right

To you, I will give the world
To you, I'll never be cold
'Cause I feel that when I'm with you
It's alright, I know it's right

And the songbirds are singing
Like they know the score
And I love you, I love you, I love you
Like never before

And I wish you all the love in the world
But most of all, I wish it from myself

And the songbirds keep singing
Like they know the score
And I love you, I love you, I love you
Like never before

Like never before
Like never before"
genius-1638,Wish You Were Here,Pink Floyd,neutral,en,"""
And disciplinary remains mercifully
""
""
Yes and um, I’m with you, Derek, this star nonsense
""
""
Yes, yes
""
""
Now which is it?
""
""
I am sure of it
""

So, so you think you can tell
Heaven from Hell? Blue skies from pain?
Can you tell a green field from a cold steel rail?
A smile from a veil? Do you think you can tell?

Did they get you to trade your heroes for ghosts?
Hot ashes for trees? Hot air for a cool breeze?
Cold comfort for change? Did you exchange
A walk-on part in the war for a lead role in a cage?

How I wish, how I wish you were here
We're just two lost souls swimming in a fishbowl, year after year
Running over the same old ground, what have we found?
The same old fears, wish you were here"
genius-65489,Comfortably Numb,Pink Floyd,neutral,en,"Hello? (Hello, hello, hello)
Is there anybody in there?
Just nod if you can hear me
Is there anyone home?
Come on (Come on, come on), now
I hear you're feeling down
Well, I can ease your pain
And get you on your feet again
Relax (Relax, relax, relax)
I'll need some information first
Just the basic facts
Can you show me where it hurts?

There is no pain, you are receding
A distant ship, smoke on the horizon
You are only coming through in waves
Your lips move, but I can't hear what you're saying
When I was a child, I had a fever
My hands felt just like two balloons
Now I've got that feeling once again
I can't explain, you would not understand
This is not how I am

I have become comfortably numb

I have become comfortably numb

Okay (Okay, okay, okay)
Just a little pinprick
There'll be no more
But you may feel a little sick
Can you stand up? (Stand up, stand up)
I do believe it's working, good
That'll keep you going through the show
Come on, it's time to go

There is no pain, you are receding
A distant ship, smoke on the horizon
You are only coming through in waves
Your lips move, but I can't hear what you're saying
When I was a child, I caught a fleeting glimpse
Out of the corner of my eye
I turned to look, but it was gone
I cannot put my finger on it now
The child is grown, the dream is gone

I have become comfortably numb"
genius-64356,Time,Pink Floyd,neutral,en,"*ticking clocks*
*clocks ringing*

Ticking away
The moments that make up a dull day
You fritter and waste the hours
In an offhand way
Kicking around on a piece of ground
In your hometown
Waiting for someone
Or something to show you the way

Tired of lying in the sunshine
Staying home to watch the rain
You are young and life is long
And there is time to kill today
And then one day you find
Ten years have got behind you
No one told you when to run
You missed the starting gun

And you run, and you run
To catch up with the sun, but it's sinking
And racing around
To come up behind you again
The sun is the same in a relative way
But you're older
Shorter of breath
And one day closer to death

Every year is getting shorter
Never seem to find the time
Plans that either come to naught
Or half a page of scribbled lines
Hanging on in quiet desperation
Is the English way
The time is gone, the song is over
Thought I'd something more to say

]

Home, home again
I like to be here when I can
When I come home cold and tired
It's good to warm my bones beside the fire
Far away across the field
The tolling of the iron bell
Calls the faithful to their knees
To hear the softly spoken magic spells"
genius-106641,"Another Brick in the Wall, Pt. 2",Pink Floyd,neutral,en,"We don't need no education
We don't need no thought control
No dark sarcasm in the classroom
Teacher, leave them kids alone

Hey, teacher, leave them kids alone

All in all, it's just another brick in the wall
All in all, you're just another brick in the wall

We don't need no education
We don't need no thought control
No dark sarcasm in the classroom
Teachers, leave them kids alone

Hey, teacher, leave us kids alone!

All in all, you're just another brick in the wall
All in all, you're just another brick in the wall

Wrong, do it again
Wrong, do it again
If you don't eat your meat, you can't have any pudding
(Wrong, do it again)
How can you have any pudding if you don't eat your meat?
(Wrong, do it again)
(If you don't eat your meat)
You, yes, you behind the bike sheds, stand still, laddie
(If you don't eat your meat, you can't have any pudding)
(How can you have any pudding if you don't eat your meat?)
(You, yes, you behind the bike sheds, stand still, laddie)"
genius-72193,Money,Pink Floyd,neutral,en,"Money, get away
Go get a good job with more pay, and you're okay
Money, it's a gas
Grab that cash with both hands and make a stash

A new car, caviar, four-star daydream
Think I'll buy me a football team

Money, well, get back
I'm alright, Jack, keep your hands off of my stack
Money, it's a hit
Don't give me that do goody-good bullshit

I'm in the hi-fidelity first class travelling set
And I think I need a Learjet

Money, it's a crime
Share it fairly, but don't take a slice of my pie
Money, so they say
Is the root of all evil today

But if you ask for a rise
It's no surprise that they're giving none away

Away, away, away
Away, away, away, away
Ooh
Away, ooh
Ooh, ooh
No, no, no
Woo, woo-ooh-ooh
No, no, no
Bah, bah, bah
Wah-bah-bah-woo-hoo-wa-hoo
Do-da-wa
Do-do-do-do-do-do-do-do-do-do-do-da-do
Woo

Hahaha, I was in the right
Yes, absolutely in the right
I certainly was in the right
Yeah, I was definitely in the right, that geezer was cruisin' for a bruisin'
(Why does anyone do anything?) Yeah
Why does anyone do anything?
I don't know, I was really drunk at the time
I was just telling him it was in, he could get it in number two
He was asking why it wasn't coming up on fader eleven
After, I was yelling and screaming and telling him why it wasn't coming up on fader eleven
It came to a heavy blow, which sorted the matter out"
genius-72199,Brain Damage,Pink Floyd,neutral,en,"The lunatic is on the grass
The lunatic is on the grass
Remembering games and daisy chains and laughs
Got to keep the loonies on the path

The lunatic is in the hall
The lunatics are in my hall
The paper holds their folded faces to the floor
And every day the paperboy brings more

And if the dam breaks open many years too soon
And if there is no room upon the hill
And if your head explodes with dark forebodings too
I'll see you on the dark side of the moon

The lunatic is in my head (
*laughter*
)
The lunatic is in my head
You raise the blade, you make the change
You rearrange me 'till I'm sane
You lock the door and throw away the key
And there's someone in my head, but it's not me

And if the cloudbursts thunder in your ear
You shout and no one seems to hear (Oh, woah)
And if the band you're in starts playing different tunes (Hey, hey, hey)
I'll see you on the dark side of the moon! (Oh, oh, oh)

I can't think of anything to say except...
*laughter*
I think it's marvellous!
*laughter*"
genius-72119,Breathe (In the Air),Pink Floyd,neutral,en,"Breathe, breathe in the air
Don't be afraid to care
Leave, but don't leave me
Look around and choose your own ground

For long you live and high you fly
And smiles you'll give and tears you'll cry
And all you touch and all you see
Is all your life will ever be

Run, rabbit, run
Dig that hole, forget the sun
And when at last the work is done
Don't sit down, it's time to dig another one

For long you live and high you fly
But only if you ride the tide
And balanced on the biggest wave
You race towards an early grave"
genius-73904,Hey You,Pink Floyd,neutral,en,"Hey, you
Out there in the cold, getting lonely, getting old, can you feel me?
Hey, you
Standing in the aisles with itchy feet and fading smiles, can you feel me?
Hey, you, don't help them to bury the light
Don't give in without a fight

Hey, you
Out there on your own, sitting naked by the phone, would you touch me?
Hey, you
With your ear against the wall, waiting for someone to call out, would you touch me?
Hey, you, would you help me to carry the stone?
Open your heart, I'm coming home

But it was only fantasy
The wall was too high, as you can see
No matter how he tried, he could not break free
And the worms ate into his brain

Hey, you
Out there on the road, always doing what you're told, can you help me?
Hey, you
Out there beyond the wall, breaking bottles in the hall, can you help me?
Hey, you, don't tell me there's no hope at all
Together we stand, divided we fall

(We fall, we fall, we fall, we fall, we fall, we fall, we fall, we fall...)"
genius-64869,Titanium,David Guetta,club,en,"You shout it out, but I can't hear a word you say
I'm talking loud, not saying much
I'm criticized, but all your bullets ricochet
Shoot me down, but I get up

I'm bulletproof, nothing to lose
Fire away, fire away
Ricochet, you take your aim
Fire away, fire away
You shoot me down, but I won't fall
I am titanium
You shoot me down, but I won't fall
I am titanium

Cut me down, but it's you who'll have further to fall
Ghost town and haunted love
Raise your voice, sticks and stones may break my bones
Talking loud, not saying much

I'm bulletproof, nothing to lose
Fire away, fire away
Ricochet, you take your aim
Fire away, fire away
You shoot me down, but I won't fall
I am titanium
You shoot me down, but I won't fall
I am titanium

I am titanium
I am titanium

Stone heart, machine gun
Firing at the ones who run
Stone heart that was bulletproof glass

You shoot me down, but I won't fall
I am titanium
You shoot me down, but I won't fall
I am titanium
You shoot me down, but I won't fall
I am titanium
You shoot me down, but I won't fall
I am titanium

I am titanium"
genius-3114109,2U,David Guetta,club,en,"No limit in the sky that I won't fly for ya (For ya)
No amount of tears in my eyes that I won't cry for ya, ooh no
With every breath that I take
I want you to share that air with me
There's no promise that I won't keep
I'll climb a mountain, there's none too steep

When it comes to you, there's no crime
Let's take both of our souls and intertwine
When it comes to you, don't be blind
Watch me speak from my heart when it comes to you
Comes to you

Want you to share that
When it comes to you

Cupid ain't a lie, arrow got your name on it, ooh, yeah
Don't miss out on a love and regret yourself on it, ooh (Ooh)
Open up your mind, clear your head
Ain't gotta wake up to an empty bed
Share my life, it's yours to keep
Now that I give to you all of me, ooh

When it comes to you, there's no crime
Let's take both of our souls, and intertwine
When it comes to you, don't be blind
Watch me speak from my heart when it comes to you
Comes to you

Want you to share that
(Share)
When it comes to you
Want you to share that

When it comes to you (To you), there's no crime
Let's take both of our souls, and intertwine
When it comes to you (To you), don't be blind
Watch me speak from my heart when it comes to you
Comes to you"
genius-554208,Hey Mama,David Guetta,club,en,"Be my woman, girl, I'll 
be your man
Be my woman, girl, I'll 
be your man
 (
Yo
)

Yes, I'll be your woman, yes, I'll be your baby
Yes, I'll be whatever that you tell me when you're ready
Yes, I'll be your girl, forever your lady
You ain't ever gotta worry, I'm down for you, baby (Uh)

Best believe that when you need that
I'll provide that, you will always have it (Ha-have it)
I'll be on deck, keep it in check
When you need that, I'ma let you have it

Beatin' my drum like, ""Dum, di-di, day""
I like the dirty rhythm you play
I wanna hear you callin' my name
Like, ""Hey, mama-ma-ma,"" ""Hey, mama-ma"" (
Hey
)
Bangin' the drum like, ""Dum, di-di, day"" (
Hey
)
I know you want it in the worst way
I wanna hear you callin' my name
Like, ""Hey, mama-ma-ma,"" ""Hey, mama-ma"" (
Hey
)

Be my woman, girl, I'll 
be your man
Be my woman, girl, I'll 
be your man

Yes, I do the cookin', yes, I do the cleanin'
Plus, I keep the na-na real sweet for your eatin'
(Yes) Yes, you be the boss, and yes, I be respectin'
Whatever that you tell me, 'cause it's game you be spittin', oh

Best believe that (Oh) when you need that (Oh)
I'll provide that, you will always have it (Ha-have it)
I'll be on deck, keep it in check
When you need that, I-I'ma let you have it

Beatin' my drum like, ""Dum, di-di, day""
I like the dirty rhythm you play
I wanna hear you callin' my name
Like, ""Hey, mama-ma-ma, hey, mama-ma""
Bangin' the drum like, ""Dum, di-di, day"" (
Hey
)
I know you want it in the worst way
I wanna hear you callin' my name
Like, ""Hey, mama-ma-ma, hey, mama-ma"" (
Hey
)

Be my woman, girl, I'll 
be your man
Be my woman, girl, I'll 
be your man
 (
Yeah, yeah
)

Whole crew got the juice, yo' **** game the truth
My screams is the proof, them other dudes get the deuce
When I speed in the coupe, leavin' this interview
It ain't nothin' new, I been fuckin' with you
None of them **** ain't takin' you, just tell them to make a ""U,"" huh
That how it be, I come first like debuts, huh
So, baby, when you need that
Give me the word, I'm no good, I'll be bad for my baby

(So I) Make sure that he's gettin' his share
(So I) Make sure that his baby take care
(So I) Make sure I'm on my toes, on my knees
Keep him pleased, rub him down, be a lady and a freak, oh

Beatin' my drum like, ""Dum, di-di, day""
I like the dirty rhythm you play
I wanna hear you callin' my name
Like, ""Hey, mama-ma-ma, hey, mama-ma""
Bangin' the drum like, ""Dum, di-di, day"" (
Hey
)
I know you want it in the worst way
I wanna hear you callin' my name
Like, ""Hey, mama-ma-ma, hey, mama-ma"" (
Hey
)

Be my woman, girl, I'll 
be your man
Be my woman, girl, I'll 
be your man"
genius-3821305,Say My Name,David Guetta,club,en,"You've been dressin' up the truth
I've been dressin' up for you
Then, you leave me in this room, this room
Pour a glass and bite my tongue
You say I'm the only one
If it's true then, why you runnin', you runnin'?
Ooh, woah (Oh, no)

If you're really being honest
If you really want this, ooh, woah
Why you acting like a stranger?
What's with your behavior? Ooh, woah

Say my name, say my name
If you love me, let me hear you
Say my name, say my name
I am dyin' to believe you
I feel alone in your arms
I feel you breaking my heart
Say my name, say my name
If you love me, let me hear you

Let me hear you

I got darkness in my head
Don't believe a word you said
Still, I let you in my bed, my bed (Yeah)
Got too many different sides
Got dishonor in your eyes
Something has to change tonight, tonight, tonight
Ooh, woah (Oh, no)

If you're really being honest
If you really want this, ooh, woah
Why you acting like a stranger?
What's with your behavior? Ooh, woah

Say my name, say my name
If you love me, let me hear you
Say my name, say my name
I am dyin' to believe you
I feel alone in your arms
I feel you breaking my heart
Say my name, say my name
If you love me, let me hear you

Yeah, yeah, yeah
Let me hear you
Woo, woo, woo
Let me hear you (Yeah)
Eres candela (Leggo; prrah)
Let me hear you
Pa' mi única nena (Prrah)
J Balvin, man (Prrah), leggo (J Balvin)
Come on, wuh

Escucha como digo tu nombre (Prrah, prrah)
Desde Medellín hasta Londres
Cuando te llamo, la maldad responde (Leggo)
No pregunta cuándo, sólo dónde, eh (No, no)
Te dejas llevar, de lo prohibido eres adicta (Wuh)
Una adicción que sabes controlar
Y te deja' llevar, lo más caliente en la pista (Yeah)
Todo lo que tienes, demuestra, ¿pa' qué lo dan? (Oh, no)
Mordiendo mis labios, verás
Que nadie más está en mi camino (Yeah, yeah)
Nada tiene por qué importar
Déjalo atrás, estás conmigo
Mordiendo mis labios, verás
Que nadie más está en mi camino (Yeah, yeah)
Nada tiene por qué importar
Déjalo atrás, estás conmigo

Say my name, say my name
If you love me, let me hear you
Say my name, say my name
I am dyin' to believe you
I feel alone in your arms
I feel you breaking my heart
Say my name, say my name
If you love me, let me hear you"
genius-3037193,I’m Good (Blue),David Guetta,club,en,"I'm good, yeah, I'm feelin' alright
Baby, I'ma have the best fuckin' night of my life
And wherever it takes me, I'm down for the ride
Baby, don't you know I'm good, yeah, I'm feelin' alright
'Cause I'm good, yeah, I'm feelin' alright
Baby, I'ma have the best fuckin' night of my life
And wherever it takes me, I'm down for the ride
Baby, don't you know I'm good, yeah, I'm feelin' alright

Don't you know I'm good, yeah, I'm feelin' alright

You know I'm down for whatever tonight
I don't need the finer things in life
No matter where I go, it's a good time, yeah
And I, I don't need to sit in VIP
Middle of the floor, that's where I'll be
Don't got a lot, but that's enough for me, yeah

'Cause I'm good, yeah, I'm feelin' alright
Baby, I'ma have the best fuckin' night of my life
And wherever it takes me, I'm down for the ride
Baby, don't you know I'm good, yeah, I'm feelin' alright

I'm good
Good
I'm good
Don't you know I'm good, yeah, I'm feelin' alright

So I just let it go, let it go
Oh, na-na-na-na-na
No, I don't care no more, care no more
Oh, na-na-na-na-na
So come on, let me know, let me know
Put your hands up, na-na-na
No, baby, nothing's gonna stop us tonight

'Cause I'm good, yeah, I'm feelin' alright
Baby, I'ma have the best fuckin' night of my life
And wherever it takes me, I'm down for the ride
Baby, don't you know I'm good, yeah, I'm feelin' alright"
genius-3585773,Flames,David Guetta,club,en,"Oh, oh
Oh, oh

One foot in front of the other, babe
One breath leads to another, yeah
Just keep moving, oh, oh
Look within for the strength today
Listen out for the voice to say
Just keep moving, oh, oh

Go, go, go
Figure it out, figure it out, but don't stop moving
Go, go, go
Figure it out, figure it out, you can do this

So, my love, keep on running
You gotta get through today, yeah, yeah
There, my love, keep on running
Gotta keep those tears at bay, oh
Oh, my love, don't stop burning
Gonna send them up in flames
In flames

Don't stop, tomorrow's another day
Don't stop, tomorrow you'll feel no pain
Just keep moving, oh
Don't stop the past'll trip you up
You know, right now's gotta be enough
Just keep moving, oh

Go, go, go
Figure it out, figure it out, but don't stop moving
Go, go, go
Figure it out, figure it out, you can do this

So, my love, keep on running
You gotta get through today, yeah, yeah
There, my love, keep on running
Gotta keep those tears at bay, oh
Oh, my love, don't stop burning
Gonna send them up in flames
In flames

In flames
In flames

Go, go, go
Figure it out, figure it out, but don't stop moving
Go, go, go
Figure it out, figure it out, you can do this

So, my love, keep on running
You gotta get through today, yeah, yeah
There, my love, keep on running
Gotta keep those tears at bay, oh
Oh, my love, don't stop burning
Gonna send them up in flames
In flames"
genius-3857841,Don’t Leave Me Alone,David Guetta,club,en,"I don't wanna lie, can we be honest?
Right now while you're sitting on my chest
I don't know what I'd do without your comfort
If you really go first, if you really left

I don't know if I would be alive today
With or without you like night and day
Read and repeat every conversation
Being with you, everyday is a Saturday
But every Sunday you've got me praying

Don't you ever leave me, don't you ever go
I've seen it on TV, I know how it goes
Even when you're angry, even when I'm cold
Don't you ever leave me, don't leave me alone

Don't leave me a—
Ah, ah, alone
Ah, ah, ha
Ah, ah, alone
Ah, ah, ha

I don't wanna call and you not answer
Never see your face light up my phone
Never see you singing ""Tiny Dancer""
Everytime my head hurts, everytime I'm low

'Cause I don't know if I would be alive today
With or without you like night and day
Everything about you uncomplicated
Here with you, everyday is a Saturday
But every Sunday, you've got me praying

Don't you ever leave me, don't you ever go
I've seen it on TV, I know how it goes
Even when you're angry, even when I'm cold
Don't you ever leave me, don't leave me alone

Don't leave me a—
Ah, ah, alone
Ah, ah, ha
Ah, ah, alone
Ah, ah, ha (Don't leave me alo—)

Don't you ever leave me
Don't you ever go
Don't you ever leave me
No, oh

Don't you ever leave me, don't you ever go (Ah, ah, alone)
I've seen it on TV, I know how it goes (Ah, ah, alone)
Even when you're angry, even when I'm cold (Ah, ah, alone)
Don't you ever leave me, don't leave me alone (Ah, ah, alone)
Don't you ever leave me, don't you ever go (Ah, ah, alone)
I've seen it on TV, I know how it goes (Ah, ah, alone)
Even when you're angry, even when I'm cold (Ah, ah, alone)
Don't you ever leave me, don't leave me alone (Ah, ah)

Even when you're angry, even when I'm cold
Don't you ever leave me, don't leave me alone"
genius-6280,Where Them Girls At,David Guetta,club,en,"So many girls in here, where do I begin? (Oh)
I seen this one, I'm 'bout to go in (Oh)
Then she said, ""I'm here with my friends"" (Oh)
She got me thinkin', and that's when I said
""Where them girls at, girls at?"" (Ooh)
""Where them girls at, girls at?"" (Ooh)
""Where them girls at, girls at?"" (Ooh)
So go get them, we can all be friends (Ooh)

Hey, bring it on, baby, all your friends, you're the shit and I love that body (Body)
You wanna ball explicit, I swear you're good, I won't tell nobody ('Body)
You got a BFF, I wanna see that girl, it's all women invited ('Vited)
Hairdos and nails, that Louis, Chanel all up in the party (Need some help)
Presidents in my wallet (Freak yourself)
No rules, I'm 'bout it (Pay the rounds)
Blow the whistle for the hotties (Catch my breath)
I got it, shawty, it's never too much, can't be doing too much
Ten to one of me, I can handle that love
Bottles in my reach, we can all get buzzed
Holla 'cause I'm free 'til whenever, it's no rush

So many boys in here, where do I begin? (Oh)
I see this one, I'm 'bout to go in (Oh)
Then he said, ""I'm here with my friends"" (Ah)
He got to thinkin', and that's when he said
""Where them girls at, girls at?"" (Ooh)
""Where them girls at, girls at?"" (Ooh)
""Where them girls at, girls at?"" (Ooh)
So go get them, we can all be friends (Ooh) (Uh, yo!)

Peebee, Peebee, who's Peabo Bryson?
Two years ago, I renewed my license
Anyway, why'd I start my verse like that?
You can suck a dick, or you can suck on a ballsack
No, no, I don't endorse that
Pause that, abort that
Just the other day mi go a London, saw dat
Kids inna di street, paparazzi, all that
Hey, hey, what can I say?
Day, d-d-day, d-day, d-day, day
Comin' through the club, all the girls in the back of me
This ain't football, why the fuck they tryna tackle me?
Really, I peeped dude at the bar like really
Lookin' like he want a good time like really
Said he had got a friend for my home girl Lily, Lily, Lily, Lily

So many girls in here, where do I begin? (Oh)
I seen this one, I'm bout to go in (Oh)
Then she said, ""I'm here with my friends"" (Oh)
She got me thinking, and that's when I said
""Where them girls at, girls at?"" (Ooh)
""Where them girls at, girls at?"" (Ooh)
""Where them girls at, girls at?"" (Ooh)
So go get them, we can all be friends

Day, day, day-d-day-day
Day-d-d-day, d-day-d-day-day
Day, day, day-d-day-day
Day-d-d-day, d-day-d-day-day

Yo, where my girls at, girls, g-g-girls?
Yo, where my girls at tryna g-get to jumpin', jumpin', jumpin'?

So many girls in here, where do I begin? (Oh)
I seen this one, I'm bout to go in (Oh)
Then she said, ""I'm here with my friends"" (Oh)
She got me thinking, and that's when I said
""Where them girls at, girls at?"" (Ooh)
""Where them girls at, girls at?"" (Ooh)
""Where them girls at, girls at?"" (Ooh)
So go get them, we can all be friends"
genius-2997826,Slide,Calvin Harris,club,en,"I might
Empty my bank account
And buy that boy with a pipe
Buy that boy with a pipe
I might, I might
Empty my bank account
And buy that boy with a pipe
Buy that boy with a pipe
I might

Do you slide on all your nights like this?
Do you try on all your nights like this? (I might)
Put some spotlight on the slide
Whatever comes, comes through clear
Do you slide on all your nights like this?
Do you try on all your nights like this? (I might)
Put some spotlight on the side
And whatever comes, comes through clear (Uh)

All this jewelry ain't no use when it's this dark
It's my favorite part, we see the lights, they got so far
It went too fast, we couldn't reach it with our arms
Wrist on a wrist, a link of charms (Ooh, yeah)
Layin', we're still a link apart
It's like we could die here all young
Like we could dye hair all blonde, huh
If we could see in twenty twin
Twice we could see it 'til the end

Put that spotlight on her face (Spotlight)
Put that spotlight on her face (
Ah, yeah
)
We gon' pipe up and turn up (Pipe up)
We gon' light up and burn up (Burn up)
Mama too hot like a (Like what?)
Mama too hot like a furnace (Furnace)
I got a hundred G's in my Goyard (G's)
My diamonds gon' shine when the lights dark (Shine)
You and I take a ride down the boulevard (Yeah)
And your friends really wanna break us apart
Good lord

(Offset) Good gracious (Hey)
Starin' at my diamonds while I'm hoppin' out a spaceship
Need your information, take vacation to Malaysia (Info)
You my baby, the paparazzi flashin' crazy (Flash)
She swallowed the bottle while I sit back and smoke gelato (Ah)
Walk in my mansion, twenty thousand paintin', Picasso (Hey)
Bitches be dippin', dabbin' with niggas like a nacho (Woo)
Took off her panties, diamonds dancin' like Rick Ricardo (Flash)
She havin' it, went to college, workin' on her bachelor (College)
I know you got a past, I got a past, that's in the back of us (Woo)
Average, I'ma make a million on the average (M's)
I'm ridin' with no brain, bitch, I'm out of it (Skrrt)

Do you slide on all your nights like this?
Do you try on all your nights like this? (I might)
Put some spotlight on the slide (Oh yeah)
Whatever comes, comes through clear (Yeah)
Do you slide on all your nights like this? (Yeah)
Do you try on all your nights like this? (Your nights, oh)
Put some spotlight on the side (Light on)
And whatever comes, comes through clear (Yeah)

I might
Empty my bank account (Oh)
And buy that boy with a pipe (Ooh, yeah, yeah)
Buy that boy with a pipe (Come on, yeah)
I might, I might (Come on, yeah, yeah, slide)
Empty my bank account (Oh, slide, yeah)
And buy that boy with a pipe (Slide, yeah)
(Do you slide on all your nights like this?)
Buy that boy with a pipe
I might"
genius-3120234,Feels,Calvin Harris,club,en,"Woo, ha
Uh, uh
Aw, yeah (Hey)
Hey

Now nothin' ever last forever, no (No)
One minute you're here, and the next you go
So I respect you wanna take it slow (Hey)
I need a mental receipt to know this moment I owe

And do you mind if I steal a kiss? Uh (Chop, chop)
A little souvenir, can I steal it from you? (Haha)
To memorize the way you shock me (Zap, hey)
The way you move it here (Hey)
Just wanna feel it from you (Hey, woo)

Don't be afraid to catch feels (
Ha
)
Ride drop top and chase thrills (
Hey
)
I know you ain't afraid to pop pills (
Hey
)
Baby, I know you ain't scared to catch feels
Feels with me (
Woo
)

I'm your window shopper (Hey), sucker for your love, oh (Yes)
I'm wearing your goggles, virtual (Virtual) reality (Hey, ayy)
It ain't what it cost you, it might be a dollar (Hey)
As long as it shocks you (Uh), memory, electricity (Uh)

And do you mind if I steal a kiss? (Chop, chop)
A little souvenir (Hey), can I steal it from you? (Oh, yeah)
To memorize the way you shock me (Zap)
The way you move it here (Hey)
Just wanna feel it from you (Hey)

Don't be afraid to catch feels (Ha)
Ride drop top and chase thrills (Oh, oh)
I know you ain't afraid to pop pills (Hey)
Baby, I know you ain't scared to catch feels (
Straight up
)
Feels with me (
Woah
)

Goddamn, I know you love to make an entrance (Big)
Do you like getting paid or getting paid attention? (Like woah)
You mixed the wrong guys with the right intentions
In the same bed, but it still feel long distance
You looking for a little more consistency (I know)
But when you stop looking, you gon' find what's meant to be
And honestly, I'm way too done with the hoes
I cut off all my exes for your x and o's
I feel my old flings was just preparing me (Me)
When I say I want you, say it back, parakeet (Yeah)
Flyin' first-class through the air, Airbnb (Woah)
I'm the best you had, you just be comparing me to me (Woah)
I'ma 'at' this at you, if I put you on my phone (Woah)
And upload it, it'll get maximum views (Brr)
I came through in the clutch more than lipsticks and phones (Ooh)
Wear your fave cologne just to get you alone (Ooh)

Don't be afraid to catch feels (
Don't be afraid to catch these feels
)
Ride drop top and chase thrills (
Yeah, yeah-yeah, yeah-yeah, yeah-yeah
)
I know you ain't afraid to pop pills (I know)
Baby, I know you ain't scared to catch feels (
Woah, woah, woah
)
Feels with me
Don't be afraid to catch feels (
Don't be afraid, baby
, no, no)
Ride drop top and chase thrills (
Woah, okay
)
I know you ain't afraid to pop pills (I know, I know, I know)
Baby, I know you ain't scared to catch feels
Feels with me"
genius-2158086,How Deep Is Your Love,Calvin Harris,club,en,"Ah-ooh, ooh, ah-ooh

I want you to breathe me in
Let me be your air
Let me roam your body freely
No inhibition, no fear

How deep is your love?
Is it like the ocean?
What devotion are you?
How deep is your love?
Is it like nirvana?
Hit me harder again
How deep is your love?
How deep is your love?
How deep is your love?
Is it like the ocean?
Pull me closer again
How deep is your love?

Ah-ooh, ah-ooh, ah-ooh
How deep is your love?
Ah-ooh, ah-ooh, ah-ooh

Open up my eyes again
Tell me who I am (Mm)
Let me in on all your secrets
No inhibition, no sin

How deep is your love?
Is it like the ocean?
What devotion are you?
How deep is your love?
Is it like nirvana?
Hit me harder again
How deep is your love?
How deep is your love?
How deep is your love?
Is it like the ocean?
Pull me closer again
How deep is your love?

Ah-ooh, ah-ooh, ah-ooh
How deep is your love?
Ah-ooh, ah-ooh, ah-ooh
How deep is your love?

So tell me, how deep is your love? Can it go deeper?
So tell me, how deep is your love? Can it go deep?
So tell me, how deep is your love? Can it go deeper?
So tell me, how deep is your love? Can it go deep?
How deep is your love?
So tell me, how deep is your love? Can it go deeper?
So tell me, how deep is your love? Can it go deep?
How deep is your love?
So tell me, how deep is your love? Can it go deeper?
Pull me closer again
So tell me, how deep is your love?
How deep is your love?

Ah-ooh, ah-ooh, ah-ooh
How deep is your love?
Ah-ooh, ah-ooh, ah-ooh
How deep is your love?
So tell me, how deep is your love? Can it go deeper?
So tell me, how deep is your love? Can it go deep?
How deep is your love?
So tell me, how deep is your love? Can it go deeper?
So tell me, how deep is your love? Can it go deep?"
genius-3596108,One Kiss,Calvin Harris,club,en,"One kiss is all it takes
Fallin' in love with me
Possibilities
I look like all you need

Let me take the night, I love real easy
And I know that you'll still wanna see me
On the Sunday morning, music real loud
Let me love you while the moon is still out

Something in you-ou-ou
Lit up heaven in me-e-e
The feeling won't let me slee-ee-eep
'Cause I'm lost in the way you move, the way you feel

One kiss is all it takes
Fallin' in love with me
Possibilities
I look like all you need
One kiss is all it takes
Fallin' in love with me
Possibilities
I look like all you need

One
One, all I need
One
One, all I need

I just wanna feel your skin on mine
Feel your eyes do the exploring
Passion in the message when you smile
Take my time

Something in you-ou-ou
Lit up heaven in me-e-e
The feeling won't let me slee-ee-eep
'Cause I'm lost in the way you move, the way you feel

One kiss is all it takes
Fallin' in love with me
Possibilities
I look like all you need
One kiss is all it takes
Fallin' in love with me
Possibilities
I look like all you need

One
One, all I need
One
One, all I need

See a wonderland in your eyes
Might need your company tonight

Something in you-ou-ou
Lit up heaven in me-e-e
The feeling won't let me slee-ee-eep
'Cause I'm lost in the way you move, the way you feel

One kiss is all it takes
Fallin' in love with me
Possibilities
I look like all you need
One kiss is all it takes
Fallin' in love with me
Possibilities
I look like all you need

One
One, all I need
One
One, all I need"
genius-3897728,Promises,Calvin Harris,club,en,"Are you drunk enough
Not to judge what I'm doin’?
Are you high enough
To excuse that I'm ruined? 'Cause I’m ruined
Is it late enough
For you to come and stay over?
'Cause we're free to love
So tease me, ooh

I make no promises, I can't do golden rings
But I'll give you everything (Tonight)
Magic is in the air, there ain't no science here
So come get your everything (Tonight)
I make no promises, I can't do golden rings
But I'll give you everything (Tonight)
Magic is in the air, there ain’t no science here
So come get your everything (Tonight)

Tonight
(Your everything tonight, uh)

Is it loud enough?
’Cause my body is callin' for ya, callin’ for ya
I need someone
To do the things that I do, mhm
I'm heatin' up
Energy's takin’ control
I'm speedin' up
My heartbeat's dancin' alone

I make no promises, I can't do golden rings
But I'll give you everything (Tonight)
Magic is in the air, there ain't no science here
So come get your everything (Tonight)
I make no promises, I can't do golden rings
But I'll give you everything (Tonight)
Magic is in the air, there ain't no science here
So come get your everything (Tonight)

Tonight
(Your everything tonight)

'Cause I need your green light
Day and night, say that you're mine
'Cause I need your green light
Day and night, say that you're mine
Say that you're mine
Say that you're mine

I make no promises, I can't do golden rings
But I'll give you everything (Tonight)
Magic is in the air, there ain't no science here
So come get your everything (Tonight)
I make no promises, I can't do golden rings
But I'll give you everything (Tonight)
Magic is in the air, there ain't no science here
So come get your everything (Tonight)

Tonight"
genius-383318,Summer,Calvin Harris,club,en,"When I met you in the summer
To my heartbeat's sound
We fell in love
As the leaves turned brown
And we could be together, baby
As long as skies are blue
You act so innocent now
But you lied so soon
When I met you in the summer

When I met you in the summer (Summer)
To my heartbeat's sound (Yeah)
We fell in love (Love)
As the leaves turned brown (Yeah)
And we could be together, baby
As long as skies are blue (Yeah)
You act so innocent now
But you lied so soon (Yeah)
When I met you in the summer

Summer

When I met you in the summer (Summer)
(Yeah)
(Love)
(Yeah)
Summer (Summer)
(Yeah)
(Love)
(Yeah)"
genius-3081091,Rollin,Calvin Harris,club,en,"I've been rollin' on the freeway
I've been riding 85
I've been thinking way too much
And I'm way too gone to drive
I've got anger in my chest
I've got millions on my mind
And you didn't fit the picture
So I guess you weren't the vibe
I've been rollin' on the freeway
I've been riding 85
I've been thinking way too much
And I'm way too gone to drive
I've got anger in my chest
I've got millions on my mind
And you didn't fit the picture
So I guess you weren't the vibe

Got L-O-V-E on my right leg, that's Gucci (Get what I'm sayin'?)
Got L-O-V-E on my main ho, that's Pucci (Get what I'm sayin'?)
Caught a lil' jetlag but I'm golden, damn
We deserve Grammys and some Oscars, damn
They deserve Whammys, they imposters
I be rollin' with my project homies, it's a vibe
I just did some pills with the homie, it's a vibe
Bend her over, switch sides, it's a vibe, yah

I come through with strippers and some shottas
I gotta accept that I'm a monster
I pull up in several different options
Not all, but most of 'em came topless
I'll shatter your dreams with this cream I make (Cream I make)
Gotta be on codeine to think of shit I say (Shit I say)
I can't feel my toes and ain't gon' fold up (Fold up)
I was in the double R when I rolled up (When I rolled up)

I've been rollin' on the freeway
I've been riding 85
I've been thinking way too much
And I'm way too gone to drive
I've got anger in my chest
I've got millions on my mind
And you didn't fit the picture
So I guess you weren't the vibe
I've been rollin' on the freeway
I've been riding 85
I've been thinking way too much
And I'm way too gone to drive
I've got anger in my chest
I've got millions on my mind
And you didn't fit the picture
So I guess you weren't the vibe

Pluto
Gotta dig what I'm sayin', Chanel drapes on me, baby
Gotta dig what I'm sayin', she look like she's sponsored by Mercedes
Dig what I'm sayin', this Creed cologne is on me, baby (You dig?)
Dig what I'm sayin'? I'm goin' hard (Hard, yeah)
I pop bubbly in your memory
You should be glad I'm showin' you sympathy (Showin' you sympathy)
I gave you real love out the gutter (Out the gutter)
Ever let you go, you gon' suffer (You gon' suffer from it)

I come through with strippers and some shottas (Shottas)
I gotta accept that I'm a monster
I pull up in several different options
Not all, but most of 'em came topless
I'll shatter your dreams with this cream I make (Cream I make)
Gotta be on codeine to think of shit I say (Shit I say)
I can't feel my toes and ain't gon' fold up (Fold up)
I was in the double R when I rolled up (When I rolled up)

Yeah, L-O-V-E on my right leg
Nah, Hendrix overload, dig what I'm sayin'?
I feel like I should be giving up
You can leave if it's too much
But I'm tired of you leading me on, oh no
I don't like where this shit is going
I mean, I've been stuck in all your apologies
Gave you my all but you want more from me
Keep your love, it doesn't feel the same
I hope it hurts you when you're hearin' my name"
genius-2463453,This Is What You Came For,Calvin Harris,club,en,"Baby, this is what you came for
Lightning strikes every time she moves
And everybody's watchin' her
But she's lookin' at
You, ooh-ooh, you, ooh-ooh
You, ooh-ooh, you, ooh-ooh
You, ooh-ooh, you, ooh, ooh, ooh
Baby, this is what you came for
Lightning strikes every time she moves
And everybody's watchin' her
But she's lookin' at
You, ooh-ooh, you, ooh-ooh
You, ooh-ooh, you, ooh-ooh
You, ooh-ooh, you, ooh, ooh, ooh
You, ooh-ooh, you, ooh-ooh
You, ooh-ooh, you, ooh-ooh
You, ooh-ooh, you, ooh, ooh, ooh

We go fast with the game we play
Who knows why it's gotta be this way
We say nothin' more than we need
I say, ""Your place"" when we leave

Baby, this is what you came for
Lightning strikes every time she moves
And everybody's watchin' her
But she's lookin' at
You, ooh-ooh, you, ooh-ooh
You, ooh-ooh, you, ooh-ooh
You, ooh-ooh, you, ooh, ooh, ooh
You, ooh-ooh, you, ooh-ooh
You, ooh-ooh, you, ooh-ooh
You, ooh-ooh, you, ooh, ooh, ooh

Baby, this is what you came for
Lightning strikes every time she moves
Yeah

Baby, this is what you came for
Lightning strikes every time she moves
And everybody's watchin' her
But she's lookin' at
You, ooh-ooh, you, ooh-ooh
You, ooh-ooh, you, ooh-ooh
You, ooh-ooh, you, ooh, ooh, ooh
You, ooh-ooh, you, ooh-ooh
You, ooh-ooh, you, ooh-ooh
You, ooh-ooh, you, ooh, ooh, ooh"
genius-133531,Latch,Disclosure,club,en,"'Nother
'Nother
'Nother

You lift my heart up
When the rest of me is down ('Nother)
You, you enchant me
Even when you're not around ('Nother)
If there are boundaries
I will try to knock them down ('Nother)
I'm latching on, babe
Now I know what I have found (
'Nother
)

'Nother

I feel we're close enough
I wanna lock in your love
I think we're close enough
Could I lock in your love, baby?

Now I've got you in my space
I won't let go of you (
'Nother
)
Got you shackled in my embrace
I'm latching on to you (
'Nother
)
Now I've got you in my space
I won't let go of you (
'Nother
)
Got you shackled in my embrace
I'm latching on to you (
'Nother
)

I'm so encaptured
Got me wrapped up in your touch ('Nother)
Feel so enamoured
Hold me tight within your clutch (
'Nother
)
How do you do it?
You got me losing every breath ('Nother)
What did you give me
To make my heart beat out my chest? ('Nother)

In my space
'Nother

I feel we're close enough
I wanna lock in your love
I think we're close enough
Could I lock in your love, baby?
I feel we're close enough
I wanna lock in your love
I think we're close enough
Could I lock in your love, baby?

Now I've got you in my space
I won't let go of you (
'Nother
)
Got you shackled in my embrace
I'm latching on to you (
'Nother
)
Now I've got you in my space
I won't let go of you (
'Nother
)
Got you shackled in my embrace
I'm latching on to you (
'Nother
)

I'm latching on to you (I, I'm latching on to you)
I won't let go of you (No, I won't let go)
I'm latching on to you (I will not let go)
I won't let go of you (I won't let go, I won't let go)

I won't let go, I won't let go
'Nother
'Nother"
genius-2302995,Magnets,Disclosure,club,en,"Never really felt bad about it
As we drank deep from the lie
'Cause I felt melting magnets, babe
The second I saw you through half-shut eyes

Smoke and sunset, off Mulholland
He was talking, I was wonderin' 'bout
You and that girl, she your girlfriend?
Face from heaven, bet the world she don't know
Pretty girls don't know the things that I know
Walk my way, I'll share the things that she won't

Uh-oh, dancing past the point of no return
Let go, we can free ourselves of all we've learned
I love this secret language that we're speakin'
Say it to me, let's embrace the point of no return
Let's embrace the point of no return
Let's embrace the point of no return

Never really thought we would make it
We be thinking about what could have been
But we've had a record summer, can't turn it down, oh
Now I don't wanna see the end begin

Smoke and sunset, off Mulholland
He was talking, I was wonderin' 'bout
You and that girl, she your girlfriend?
Face from heaven, bet the world she don't know
Pretty girls don't know the things that I know
Walk my way, I'll share the things that she won't

Uh-oh, dancing past the point of no return
Let go, we can free ourselves of all we've learned
I love this secret language that we're speakin'
Say it to me, let's embrace the point of no return
Let's embrace the point of no return
Let's embrace the point of no return
Let's embrace the point of no return
Let's embrace the point of no return
(Let's embrace the point of no return)
(Let's embrace the point of no return)"
genius-2264496,Omen,Disclosure,club,en,"I'm feeling something, something different
When you left, my picture changed
I was blinded, I'd not envisioned
The same face in a different frame

It's an omen, caught my baby crying
Saw the silver lining
It must be an omen
Needed you to show me, without you I am lonely

My mind would rule my heart
I didn't pay attention to the light in the dark
It left me torn apart
But now I see your tears as an omen

Oh, oh, oh, oh
Oh, oh, oh, omen
Oh, oh, oh, oh
Oh, oh, oh, omen

You were waiting, I was vacant
You left before my eyes
Then it hit me, you're relocating
And I need you by my side

It's an omen, caught my baby crying
Saw the silver lining
It must be an omen
Needed you to show me, without you I am lonely

My mind would rule my heart
I didn't pay attention to the light in the dark
It left me torn apart
But now I see your tears as an omen
My mind would rule my heart
I didn't pay attention to the light in the dark
It left me torn apart
But now I see your tears as an omen

Oh, oh, oh, oh
Oh, oh, oh, omen (Woah, now, love)
Oh, oh, oh, oh
Oh, oh, oh, omen
(I didn't pay attention to the light in the dark)
Oh, oh, oh, oh
Oh, oh, oh, omen (But now I see your tears as an omen)
Oh, oh, oh, oh
Oh, oh, oh, omen (Now I see your tears as an omen)
Oh, oh, oh, oh
Oh, oh, oh, omen
Oh, oh, oh, oh
Oh, oh, oh, omen"
genius-1813117,You & Me (Flume Remix),Disclosure,club,en,"Gonna be you and me
Gonna be everything you
You ever dreamed
Gonna be who you need
Gonna be everything
Gonna be you and me
Gonna be everything you
You ever dreamed
Gonna be who you need
Gonna be everything

(Ayy, ayy, ayy)

Ayy, ayy
Have you got room for love?
Ayy, ayy
Have you got room for love?
Ayy, ayy
Have you got room for love?
Ayy, ayy
Have you got room for love?

It's gonna be you and me (Ayy)
Gonna be everything you
You ever dreamed
Gonna be who you need
Gonna be everything

(Ayy, ayy, ayy)

Ayy, ayy
Have you got room for love?
Ayy, ayy
Have you got room for love?
Ayy, ayy
Have you got room for love?
Ayy, ayy
Have you got room for love?"
genius-161494,When a Fire Starts to Burn,Disclosure,club,en,"When a fire starts to burn, right, and it starts to spread
She gon' bring that attitude home
Who don't wanna do nothing with their life
When a fire starts to burn, right, and it starts to spread
She gon' bring that attitude home
Who don't wanna do nothing with their life
When a fire starts to burn, right, and it starts to spread
She gon' bring that attitude home
Who don't wanna do nothing with their life
When a fire starts to burn, right, and it starts to spread
She gon' bring that attitude home
Who don't wanna do nothing with their life
When a fire starts to

When a fire starts to
When a fire starts to burn, right, and it starts to spread
She gon' bring that attitude home
Who don't wanna do nothing with their life
When a fire starts to burn, right, and it starts to spread
She gon' bring that attitude home
Who don't wanna do nothing with their life
When a fire starts to burn, right, and it starts to spread
She gon' bring that attitude home
Who don't wanna do nothing with their life
When a fire starts to burn, right, and it starts to spread
She gon' bring that attitude home
Who don't wanna do nothing with their life
When a fire starts to

When a fire starts to
When a fire starts to burn, right, and it starts to spread
She gon' bring that attitude home
Who don't wanna do nothing with their life
When a fire starts to burn, right, and it starts to spread
She gon' bring that attitude home
Who don't wanna do nothing with their life
When a fire starts to burn, right, and it starts to spread
She gon' bring that attitude home
Who don't wanna do nothing with their life
When a fire starts to burn, right, and it starts to spread
She gon' bring that attitude home
Who don't wanna do nothing with their life
When a fire starts

When a fire starts to burn, right, and it starts to spread
She gon' bring that attitude home
Who don't wanna do nothing with their life
When a fire starts to burn, right, and it starts to spread
She gon' bring that attitude home
Who don't wanna do nothing with their life
When a fire starts to
And it starts
And it starts
And it starts
When a fire starts to burn, right, and it starts to spread
She gon' bring that attitude home
Who don't wanna do nothing with their life
When a fire starts to burn, right, and it starts to spread
She gon' bring that attitude home
Who don't wanna do nothing with their life
When a fire starts to
And it starts

When a fire starts to
When a fire starts to burn, right, and it starts to spread
She gon' bring that attitude home
Who don't wanna do nothing with their life
When a fire starts to burn, right, and it starts to spread
She gon' bring that attitude home
Who don't wanna do nothing with their life
When a fire starts to burn, right, and it starts to spread
She gon' bring that attitude home
Who don't wanna do nothing with their life
When a fire starts to burn, right, and it starts to spread
She gon' bring that attitude home
Who don't wanna do nothing with their life
When a fire starts
And it starts
And it starts"
genius-2294879,Nocturnal,Disclosure,club,en,"Street lights, turn on one by one
My hope is, descending like the sun
Try to tell myself there's freedom in the loneliness (Oh baby)
Always restless, story of my life
Disconnected, body clock's not right
Try to tell myself that I'mma get some sleep tonight

Found myself where I started, this isn't where I want to be
The time that I find hardest, always comes eventually

My shadow doesn't show in the dark
The night time is inclined to my heart
The emptiness I felt from the start
Will follow me 'till I fall apart

Nocturnal, nocturnal, nocturnal, nocturnal

My demons are blocking out the light
And my mind is about to lose the fight
Why can't I find peace, when a caracal could sleep tonight? (Yeah)
Your absence isn't something that I choose (choose, choose choose)
But the truth is you were never mine to lose (lose, lose, lose)
Spending half my life just tryna get away from you (Oh baby, oh)

Found myself where I started, this isn't where I want to be
The time that I find hardest, always comes eventually

My shadow doesn't show in the dark
The night time is inclined to my heart
The emptiness I felt from the start
Will follow me 'till I fall apart

Nocturnal, nocturnal, nocturnal, nocturnal
Nocturnal, nocturnal, nocturnal, nocturnal
Nocturnal, nocturnal, nocturnal, nocturnal
Nocturnal, nocturnal, nocturnal, nocturnal (Oh yeah)

My shadow doesn't show in the dark
The night time is inclined to my heart
The emptiness I felt from the start
Will follow me 'till I fall apart

Nocturnal, nocturnal, nocturnal, nocturnal
Nocturnal, nocturnal, nocturnal, nocturnal
Nocturnal, nocturnal, nocturnal, nocturnal
Nocturnal, nocturnal, nocturnal, nocturnal"
genius-161525,You & Me,Disclosure,club,en,"I'll be giving up, oh

Home is where the heart is
And I gave it to you in a paper bag
Even though it's tarnished
You told me it's the best you'd ever had
You've got my secret combination
And I don't be giving that out easily
With my deepest dedication
I can tell that you have got the same for me

(Have you got room for love?)

So please don't let go 'cause you know
Exactly what we've found
So please don't let go, my darling
And keep it locked up underground
It's gonna be you and me
It's gonna be everything you ever dreamed
I'm gonna be who you need
It's gonna be everything, yeah, everything, we're meant to be

We're meant to be

Rolling with the punches
So they won't get inside our happiness
Love is always hunted
But your arrows are soaring through my chest
'Cause you know you give me something
Yeah, you give me exactly what I need
Got my blood pumping
'Cause you know you own each drop of blood I bleed

(Have you got room for love?)

So please don't let go 'cause you know
Exactly what we've found
So please don't let go, my darling
And keep it locked up underground
It's gonna be you and me
It's gonna be everything you ever dreamed
I'm gonna be who you need
It's gonna be everything, yeah, everything, we're meant to be

In your big house on the hill
Where you keep your dollar bills
Where you stashed my heart somewhere in the dark
Keep it safe, I know you will
Know you will, know you will, know you will
I know you will
(We're meant to be)
(We're meant to be)"
genius-161536,Help Me Lose My Mind,Disclosure,club,en,"Talk to me, and watch me crumble
You will see me come undone
Faithfully I will look over
There I'll find what you've become
(What you've become)

You help me lose my mind
And you bring me something I can't define
Help me lose my mind
Make me wonder what I felt before
Keep biding my time
How much longer have I been waiting for?

Jealousy will be washed over
Carefully we will come through
Could it be easy to start over?
Somehow I will bring you to
(What you've become)

You help me lose my mind
And you bring me something I can't define
Help me lose my mind
Make me wonder what I felt before
Keep biding my time
How much longer have I been waiting for?

Waiting, waiting, I've been waiting
Waiting, waiting, I've been waiting
Waiting, waiting, I've been waiting
Waiting, waiting, I've been waiting
Waiting, waiting, I've been waiting
Waiting, waiting, I've been waiting
Waiting, waiting, I've been waiting
Waiting, waiting

You help me lose my mind
And you bring me something I can't define
Help me lose my mind
Make me wonder what I felt before
Keep biding my time
How much longer have I been waiting for?

You help me lose my mind
And you bring me something I can't define
Help me lose my mind
Make me wonder what I felt before
Keep biding my time
How much longer have I been waiting for?"
genius-3836193,Losing It,FISHER,club,en,"I'm losing it
I'm losing it
I'm losing it
I'm losing it
I'm losing it
I'm losing it
I'm losing it"
genius-3651932,Stop It,FISHER,club,en,"Moving up and down, side to side, like a rollercoaster
Moving up and down, side to side, like a rollercoaster
Moving up and down, side to side, like a rollercoaster
Moving up and down, side to side, like a rollercoaster
Moving up and down, side to side, like a rollercoaster
Moving up and down, side to side, like a rollercoaster
Moving up and down, side to side, like a rollercoaster
Moving up and down, side to side, like a rollercoaster"
genius-9036982,Take It Off,FISHER,club,en,"Have you ever been in that situation
Where you just like, you just wanna take it off?

Take it off
Slow, steady, undress
Impress
Take it off
Slow, steady, undress
Success
Take it off
Slow, steady, undress
Impress
Take it off
Slow, steady, undress
Success

Take it off
Slow, steady, undress
Impress
Take it off
Slow, steady, undress
Success
Take it off
Slow, steady, undress
Impress
Take it off
Slow, steady, undress
Success

Let everybody gеt naked
Take it off
Slow, steady, undrеss
Impress
Take it off
Slow, steady, undress
Success
Take it off
Slow, steady, undress

Take your motherfucking clothes off"
genius-9277032,Atmosphere,FISHER,club,en,"You got me spinnin'

Think about you all the time
Day and night, you're on my mind
Always want you by my side
(Side, side, side, side)
Babe, come on, what's up tonight?
I could be your alibi
Always want you by my side

You got me spinnin' in your atmosphere
It feels so good, I wanna stay right here
You got me spinnin' in your atmosphere
It feels so good, I wanna stay right here
You got me spinnin' in your atmosphere
It feels so good, I wanna—

You got me spinnin'
You got me spinnin'
You got me spinnin'
You got me spinnin'
You got me spinnin'

You got me spinnin' in your atmosphere
It feels so good, I wanna stay right here
You got me spinnin' in your atmosphere
It feels so good, I wanna—

Think about you all the time
Day and night, you're on my mind
Always want you by my sidе
(Side, side, side, sidе)
Tell me what you're thinkin' 'bout
Something we could live without
Got my head stuck in a cloud
(Side, side, side, side)
Call me up, I'll come around
Gravity can't bring me down
Got my head stuck in a cloud

You got me spinnin' in your atmosphere
It feels so good, I wanna stay right here
You got me spinnin' in your atmosphere
It feels so good, I wanna stay right here
You got me spinnin' in your atmosphere
It feels so good, I wanna—"
genius-4385408,You Little Beauty,FISHER,club,en,"You got me burnin'
You got me burnin'
You got me burnin'
You got me burnin'
You got me burnin'
You got me burnin'
You got me burnin'
You got me burnin' up with your, yeah

Ohhh
Yeah
Ohhh
You got me burnin'

You got me burnin'
You got me burnin'
You got me burnin'
You got me burnin'
You got me burnin'
You got me burnin'
You got me burnin'
You got me burnin' up with your, yeah

Ohhh
Yeah
Ohhh
You got me burnin' up with your, yeah
Ohhh
Yeah
Ohhh
You got me burnin'

You got me burnin'
You got me burnin'
You got me burnin'
You got me burnin'
You got me burnin'
You got me burnin'
You got me burnin'
You got me burnin'
You got me burnin'
You got me burnin'
You got me burnin'
You got me burnin'
You got me burnin'
You got me burnin'
You got me burnin'
You got me burnin' up with your, yeah

Ohhh
Yeah
Ohhh
You got me burnin' up with your, yeah
Ohhh
Yeah
Ohhh
You got me burnin' up with your, yeah

You got me burnin'
You got me burnin'
You got me burnin'
You got me burnin'
You got me burnin'
You got me burnin'
You got me burnin'
You got me burnin'
You got me burnin'
You got me burnin'
You got me burnin'
You got me burnin' up with your, yeah

Ohhh
Yeah
Ohhh
You got me burnin' up with your, yeah
Ohhh
Yeah
Ohhh
You got me burnin' up with your, yeah"
genius-13080265,Rain,FISHER,club,en,"Every time it rains outside
Every time the sky flashes with lightning
You say, ""Put your hand in mine
We'll go out and dance like the sun is shining""

When I'm with you, I don't feel afraid
When I'm with you, even if the skies are grey
When I'm with you, the sun can dry the rain
When I'm with you, when I'm with you

Every time it rains outside
Every time the sky flashes with lightning
You say, ""Put your hand in mine
We'll go out and dance like the sun is shining""

When I'm with you, I don't feel afraid
When I'm with you, even if the skiеs are grey
When I'm with you, thе sun can dry the rain
When I'm with you, when I'm with you"
genius-3838668,Ya Kidding,FISHER,club,en,"Moving on the dancefloor
Dancing tonight
Moving on the dancefloor
Dancing tonight
Moving on the dancefloor
Dancing tonight
Moving on the dancefloor
Dancing tonight
Moving on the dancefloor
Dancing tonight
Moving on the dancefloor
Dancing tonight
Moving on the dancefloor
Dancing tonight
Moving on the dancefloor
Dancing tonight
Moving on the dancefloor
Dancing tonight
Moving on the dancefloor
Dancing tonight
Moving on the dancefloor
Dancing tonight
Moving on the dancefloor
Dancing tonight"
genius-3651910,Crowd Control,FISHER,club,en,"Major Tom to crowd control

Now that I have your attention
On a count of three
I'd like you all to sit down
One, two, three

Crowd control
I'm in control
I'm in control
I'm in control
I'm in control
I'm in control

Major Tom to crowd control
Crowd control
Crowd control
Crowd control
Major Tom to crowd control
Crowd control
Crowd control
Crowd control
Major Tom to crowd control

Now that I have your attention
On a count of three
I'd like you all to sit down
One, two, three

Crowd control
I'm in control
I'm in control
I'm in control
I'm in control
I'm in control

Major Tom to crowd control
Crowd control
Crowd control
Crowd control
Major Tom to crowd control
Crowd control
Crowd control
Crowd control
Major Tom to crowd control

Now that I have your attention
On a count of three
I'd like you all to sit down
One, two, three

Crowd control
I'm in control
I'm in control
I'm in control
I'm in control
I'm in control

Major Tom to crowd control
Crowd control
Crowd control
Crowd control
Major Tom to crowd control
Crowd control
Crowd control
Crowd control
Major Tom to crowd control"
